time,open,high,low,close,volumeto
2018-02-01 00:00:00,10226.86,10280.84,8726.95,9114.72,1964308989.29
2018-02-02 00:00:00,9114.73,9147.93,7786.2,8870.82,2768759876.15
2018-02-03 00:00:00,8872.87,9504.37,8194.68,9251.27,1253484523.4
2018-02-04 00:00:00,9251.27,9400.99,7889.83,8218.05,1413207410.82
2018-02-05 00:00:00,8218.05,8391.29,6627.31,6937.08,2534149181.03
2018-02-06 00:00:00,6936.43,7932.38,5968.36,7701.25,3397596513.74
2018-02-07 00:00:00,7701.25,8572.68,7208.86,7592.72,2159765331.36
2018-02-08 00:00:00,7593.78,8643.94,7590.48,8260.69,1594673973.51
2018-02-09 00:00:00,8259.26,8743.2,7775.36,8696.83,1348072086.15
2018-02-10 00:00:00,8696.83,9081.49,8176.25,8569.29,1348923336.33
2018-02-11 00:00:00,8569.32,8573.35,7862.31,8084.61,1013771945.88
2018-02-12 00:00:00,8084.61,8997.34,8084.41,8911.27,1085921871.17
2018-02-13 00:00:00,8911.17,8955.15,8379.35,8544.69,853320352.71
2018-02-14 00:00:00,8544.69,9508.22,8542.98,9485.64,1220863360.18
2018-02-15 00:00:00,9485.64,10223.58,9363.38,10033.75,1666668487.88
2018-02-16 00:00:00,10033.75,10303.14,9720.38,10188.73,1061827697.26
2018-02-17 00:00:00,10188.73,11119.45,10074.07,11097.21,1327921168.02
2018-02-18 00:00:00,11097.21,11288.34,10161.01,10417.23,1659704217.34
2018-02-19 00:00:00,10418.12,11265.96,10336.32,11182.28,1186535653.61
2018-02-20 00:00:00,11182.28,11802.23,11130.95,11256.43,1640343867.77
2018-02-21 00:00:00,11256.78,11295.58,10256.21,10481.66,1982721124.63
2018-02-22 00:00:00,10481.66,10941.57,9757.19,9847.96,1795951829.82
2018-02-23 00:00:00,9847.96,10420.67,9604,10175.51,1399448203.16
2018-02-24 00:00:00,10175.51,10528,9396.54,9705.73,1244484468.57
2018-02-25 00:00:00,9705.73,9873.79,9329.44,9610.11,793093192.66
2018-02-26 00:00:00,9610.11,10457.51,9411.82,10326.5,1181729273.47
2018-02-27 00:00:00,10326.5,10879.38,10154.24,10594.76,1060840699.02
2018-02-28 00:00:00,10594.76,11067.76,10303.14,10334.44,1126074675.67
2018-03-01 00:00:00,10334.44,11090.3,10247.56,10929.37,952472120.03
2018-03-02 00:00:00,10929.37,11191.94,10801.45,11043.12,852908489.64
2018-03-03 00:00:00,11043.12,11530.66,11043.12,11465.36,812200126.22
2018-03-04 00:00:00,11465.36,11539.79,11084.01,11504.42,690727335.55
2018-03-05 00:00:00,11503.94,11694.15,11431.55,11440.73,791471905.1
2018-03-06 00:00:00,11440.33,11441.65,10589.28,10735.45,1210081181.36
2018-03-07 00:00:00,10735.45,10913.7,9470.73,9928.56,1858869115
2018-03-08 00:00:00,9928.56,10119.21,9086.85,9316.72,1492236089.97
2018-03-09 00:00:00,9316.77,9433.38,8393.45,9252.76,2081621422.7
2018-03-10 00:00:00,9252.76,9518.62,8727.43,8797.27,1084925795.69
2018-03-11 00:00:00,8797.27,9735.64,8484.32,9544.84,1374814644.2
2018-03-12 00:00:00,9543.98,9907.41,8796.52,9142.15,1435404200.39
2018-03-13 00:00:00,9142.27,9486.12,8856.65,9160.12,1228556284.3
2018-03-14 00:00:00,9160.12,9360.66,7966.94,8217.7,1385572511.72
2018-03-15 00:00:00,8216.22,8432.12,7698.47,8268.41,1519850464.55
2018-03-16 00:00:00,8267.95,8616.63,7924.11,8283.23,1082790136.53
2018-03-17 00:00:00,8283.23,8360.64,7765.41,7883.45,901939422.97
2018-03-18 00:00:00,7882.67,8299.86,7318.46,8215.4,1535519444.95
2018-03-19 00:00:00,8215.5,8725.6,8129.66,8623.14,1447812723.08
2018-03-20 00:00:00,8623.14,9056.23,8339.8,8920.71,1150462439.42
2018-03-21 00:00:00,8920.53,9184.51,8778.69,8911.35,991376396.96
2018-03-22 00:00:00,8911.37,9107,8500.88,8724.98,1023286566.15
2018-03-23 00:00:00,8724.98,8935.88,8307.58,8934.8,939997284.45
2018-03-24 00:00:00,8935.51,9036.23,8515.53,8548.06,827663165.33
2018-03-25 00:00:00,8548.39,8690.36,8395.85,8472.84,657643520.26
2018-03-26 00:00:00,8472.56,8521.04,7869.27,8152.2,1079038734.78
2018-03-27 00:00:00,8152.18,8226.24,7752.3,7808.48,930754990.52
2018-03-28 00:00:00,7808.42,8117.79,7752.6,7959.78,657712114.92
2018-03-29 00:00:00,7959.78,7983.77,6927.11,7106.62,1379180030.3
2018-03-30 00:00:00,7106.62,7280.27,6595.26,6853.76,1584675343.21
2018-03-31 00:00:00,6853.75,7228.4,6806.34,6943.77,915400590.57
2018-04-01 00:00:00,6943.77,7056.22,6463.54,6835.84,889887684.72
2018-04-02 00:00:00,6835.58,8218.66,6792.3,7074.6,748861435.14
2018-04-03 00:00:00,7074.65,7528.97,7039.88,7434.3,905326798.64
2018-04-04 00:00:00,7434.3,7442.42,6727.09,6815.5,877199782.17
2018-04-05 00:00:00,6815.5,6933.66,6602.38,6790.45,777145174.76
2018-04-06 00:00:00,6790.45,6869.53,6526.67,6634.86,605651287.47
2018-04-07 00:00:00,6634.86,7083.85,6624.47,6917.2,564883141.53
2018-04-08 00:00:00,6917.2,7132.03,6911.02,7049.92,425825572.09
2018-04-09 00:00:00,7049.92,7204.28,6633.69,6789.53,901883664.92
2018-04-10 00:00:00,6789.53,6922.84,6676.72,6871.07,424510977.27
2018-04-11 00:00:00,6871.07,6999.37,6839.16,6977.13,450141340.22
2018-04-12 00:00:00,6977.04,8051.95,6791.33,7927.73,1490759969.77
2018-04-13 00:00:00,7927.73,8237.16,7758.8,7899.11,1171435820.59
2018-04-14 00:00:00,7898.74,8195.34,7841.19,8022.51,537286381.88
2018-04-15 00:00:00,8022.51,8437.03,8021.04,8376.73,570527804.56
2018-04-16 00:00:00,8376.73,8430.93,7929.24,8079.77,713471956.84
2018-04-17 00:00:00,8079.77,8187.6,7858.12,7921.63,580880500.84
2018-04-18 00:00:00,7921.65,8246.57,7908.92,8189.96,593500791.64
2018-04-19 00:00:00,8189.92,8321.01,8136.42,8301.82,602099034.89
2018-04-20 00:00:00,8301.82,8945.14,8243.49,8877.08,979994921.45
2018-04-21 00:00:00,8877.15,9047.82,8631.18,8935.72,829073400.66
2018-04-22 00:00:00,8935.85,9043.98,8788.44,8823.36,610183093.43
2018-04-23 00:00:00,8823.46,9025.73,8804.2,8968.25,553892335.42
2018-04-24 00:00:00,8967.86,9741.91,8957.68,9655.77,1276464750.74
2018-04-25 00:00:00,9657.69,9765.23,8757.06,8873.62,1779806222.98
2018-04-26 00:00:00,8873.57,9315.13,8669.38,9282.12,997427934.62
2018-04-27 00:00:00,9289.01,9385.87,8923.48,8938.47,758182407.35
2018-04-28 00:00:00,8938.47,9435.9,8892.52,9351.47,774111704.68
2018-04-29 00:00:00,9349.94,9552.67,9189.07,9407.04,640931911.37
2018-04-30 00:00:00,9407.35,9459.81,9133.6,9248.45,574099218.21
2018-05-01 00:00:00,9248.25,9251.66,8851.1,9077.28,669555436.99
2018-05-02 00:00:00,9077.28,9271.62,8993.82,9232.19,527488395.49
2018-05-03 00:00:00,9232.19,9817.19,9172.28,9745.04,857646889.15
2018-05-04 00:00:00,9746.26,9785.15,9547.21,9699.61,663887678.35
2018-05-05 00:00:00,9700.37,9968.85,9687.09,9845.9,679872376.4
2018-05-06 00:00:00,9846.44,9936.96,9441.93,9644.92,608650204.19
2018-05-07 00:00:00,9643.99,9662.23,9202.13,9377.81,692580062.51
2018-05-08 00:00:00,9377.08,9472.09,9063.07,9196.13,673924125.29
2018-05-09 00:00:00,9196.13,9373.46,8987.27,9321.16,625495066.08
2018-05-10 00:00:00,9321.52,9393.95,9017.13,9032.22,629850604.12
2018-05-11 00:00:00,9032.22,9032.27,8363.5,8421,1176888629.2
2018-05-12 00:00:00,8420.82,8653.8,8225.97,8486.67,783972252.35
2018-05-13 00:00:00,8488.07,8773.96,8350.91,8709.46,525395861.86
2018-05-14 00:00:00,8709.46,8883,8312.72,8672.9,874543293.99
2018-05-15 00:00:00,8672.88,8848.69,8441.25,8480.16,730739738.9
2018-05-16 00:00:00,8480.16,8501.65,8119.17,8344.78,789660713.22
2018-05-17 00:00:00,8342.69,8476.45,8015.77,8071.04,615539512.71
2018-05-18 00:00:00,8071.04,8280.45,7940.35,8247.91,558167598.76
2018-05-19 00:00:00,8247.91,8397.27,8160.8,8249.24,381458405.45
2018-05-20 00:00:00,8249.24,8591.45,8181.46,8533,418898289.02
2018-05-21 00:00:00,8533.22,8585.85,8347.88,8419.65,463653636.91
2018-05-22 00:00:00,8419.67,8428.6,7962.43,7992.75,543342369.36
2018-05-23 00:00:00,7992.75,8031.63,7460.66,7505.77,934151146.29
2018-05-24 00:00:00,7505.77,7729.48,7283.77,7584.74,826278113.25
2018-05-25 00:00:00,7584.78,7652.37,7347.96,7475.36,634474356.99
2018-05-26 00:00:00,7475.36,7626.69,7314.71,7355.06,368322782.27
2018-05-27 00:00:00,7355.06,7420.07,7256.67,7362.23,341348321.23
2018-05-28 00:00:00,7362.23,7455.55,7092.91,7118.88,526854342.95
2018-05-29 00:00:00,7118.88,7533.03,7069.01,7474.75,634849312.09
2018-05-30 00:00:00,7474.75,7571.08,7295.78,7393.02,505870974.98
2018-05-31 00:00:00,7393.02,7608.87,7349.52,7502.15,458223966.12
2018-06-01 00:00:00,7501.74,7614.66,7370.27,7530.55,458687659.47
2018-06-02 00:00:00,7530.55,7697.34,7467.79,7643.26,362414878.61
2018-06-03 00:00:00,7643.26,7774.96,7606.76,7719.75,332313005.46
2018-06-04 00:00:00,7719.73,7760.73,7469.21,7503.2,427448262.3
2018-06-05 00:00:00,7503.32,7672.7,7394.97,7629.4,440337235.4
2018-06-06 00:00:00,7629.4,7701.35,7504.98,7661.79,396116252.65
2018-06-07 00:00:00,7661.79,7755.92,7651.13,7700.11,342475552.09
2018-06-08 00:00:00,7700.4,7709.61,7559.5,7627.52,310119047.41
2018-06-09 00:00:00,7627.56,7691.74,7495.72,7513.69,218013881.09
2018-06-10 00:00:00,7513.76,7514.04,6661.98,6773.72,895514425.38
2018-06-11 00:00:00,6773.72,6913.85,6652.89,6887.37,482788065.15
2018-06-12 00:00:00,6887.43,6888.33,6462.61,6556.94,509372466.34
2018-06-13 00:00:00,6556.94,6623,6140.63,6310.43,797087281.14
2018-06-14 00:00:00,6310.43,6719.44,6286.23,6643.26,620296377.11
2018-06-15 00:00:00,6643.63,6667.23,6380.69,6396.71,379228601.07
2018-06-16 00:00:00,6396.71,6569.15,6345.99,6503.1,232802782.59
2018-06-17 00:00:00,6503.1,6585.77,6446.38,6457.78,224575526.46
2018-06-18 00:00:00,6457.78,6802.03,6401.41,6714.82,430241689.13
2018-06-19 00:00:00,6714.56,6839.6,6672.2,6741.28,370797057.99
2018-06-20 00:00:00,6741.28,6817.9,6569.96,6761.27,400530201.24
2018-06-21 00:00:00,6761.27,6790.08,6687.66,6720.64,295690715.67
2018-06-22 00:00:00,6720.64,6731.51,5941.32,6051.47,862826624.25
2018-06-23 00:00:00,6051.47,6257.88,6033.2,6166.54,350697378.49
2018-06-24 00:00:00,6166.36,6254.02,5782.13,6157.78,667479078.32
2018-06-25 00:00:00,6157.78,6344.45,6095.25,6260.35,492834172.99
2018-06-26 00:00:00,6260.4,6286.36,6067.49,6088.39,391396653.43
2018-06-27 00:00:00,6092.26,6192.11,6021.69,6141.57,383457137.86
2018-06-28 00:00:00,6141.57,6172.23,5844.26,5871.28,385907044.98
2018-06-29 00:00:00,5870.81,6286.67,5813.02,6203.8,554799001.51
2018-06-30 00:00:00,6203.81,6503.33,6194.51,6385.38,419284677.69
2018-07-01 00:00:00,6385.43,6429.5,6262.72,6339.04,259708490.63
2018-07-02 00:00:00,6342.69,6673.71,5537.86,6615.66,465915661.24
2018-07-03 00:00:00,6616.6,6670.3,6473.48,6509.58,356390898.98
2018-07-04 00:00:00,6508.43,6777.97,6411.13,6590.06,412202352.61
2018-07-05 00:00:00,6589.77,6691.32,6448.23,6534.81,421189063.01
2018-07-06 00:00:00,6534.81,6633.44,6458.14,6602.02,310759733.14
2018-07-07 00:00:00,6602.03,6814.42,6518.23,6758.08,277167900.06
2018-07-08 00:00:00,6758.08,6782.85,6684.15,6707.38,268455446.1
2018-07-09 00:00:00,6707.46,6803.1,6625.58,6668.84,328316145.78
2018-07-10 00:00:00,6668.84,6683.61,6277.23,6306.85,470432142.71
2018-07-11 00:00:00,6306.87,6405.59,6293.68,6394.36,327667754.35
2018-07-12 00:00:00,6394.36,6394.93,6084,6253.6,409078182.65
2018-07-13 00:00:00,6253.66,6349.21,6131.54,6229.83,319802271.97
2018-07-14 00:00:00,6229.61,6332.46,6190.18,6268.75,174416786.37
2018-07-15 00:00:00,6268.32,6401.5,6245.75,6364.26,218543291.78
2018-07-16 00:00:00,6364.26,6761.84,6349.83,6740.55,494264915.91
2018-07-17 00:00:00,6740.54,7476.24,6677.56,7326.7,799401451.35
2018-07-18 00:00:00,7326.76,7590.65,7253.71,7383.39,788460811.94
2018-07-19 00:00:00,7383.39,7563.7,7289.9,7477.5,522544440.45
2018-07-20 00:00:00,7477.1,7676.55,7279.34,7333.93,603034414.79
2018-07-21 00:00:00,7333.93,7453.07,7220.37,7405.4,297440355.21
2018-07-22 00:00:00,7405.4,7569.28,7345.25,7398.64,355565264.85
2018-07-23 00:00:00,7398.64,7798.59,7376.66,7718,745533303.01
2018-07-24 00:00:00,7718,8485.71,7692.16,8395.82,1166560702.13
2018-07-25 00:00:00,8395.81,8481.11,8061.07,8170.23,736530740.43
2018-07-26 00:00:00,8170.37,8302.24,7862.67,7937.25,643953970.45
2018-07-27 00:00:00,7937.1,8278.01,7806.25,8182.89,646256012.09
2018-07-28 00:00:00,8182.88,8238.04,8070.04,8230.87,295872316.42
2018-07-29 00:00:00,8230.82,8291.55,8123.53,8216.78,280233415.98
2018-07-30 00:00:00,8216.7,8273.61,7867.44,8176.06,681120739.99
2018-07-31 00:00:00,8176.08,8176.27,7663.7,7735.3,765186307.24
2018-08-01 00:00:00,7736.25,7760.74,7449.31,7610.9,595404848.88
2018-08-02 00:00:00,7610.9,7713.32,7470.86,7542.34,424093581.76
2018-08-03 00:00:00,7542.34,7542.49,7296.76,7417.6,586982505.83
2018-08-04 00:00:00,7417.6,7490.89,6940.15,7017.89,534002935.97
2018-08-05 00:00:00,7017.89,7092.53,6898.31,7042.39,368914046.39
2018-08-06 00:00:00,7042.57,7160.4,6854.79,6945.78,410408444.75
2018-08-07 00:00:00,6945.77,7150.86,6685.02,6723.21,575690006.27
2018-08-08 00:00:00,6723.29,6723.99,6133.03,6285.02,838853615.89
2018-08-09 00:00:00,6285.06,6631.23,6195.02,6543.24,575748446.38
2018-08-10 00:00:00,6543.25,6582.14,6025.91,6153.41,639457019.98
2018-08-11 00:00:00,6152.95,6488.55,6014.26,6242.54,545722619.11
2018-08-12 00:00:00,6242.53,6483.39,6176.89,6322.92,366460108.69
2018-08-13 00:00:00,6322.41,6545.02,6157.03,6263.2,452431672.68
2018-08-14 00:00:00,6263.2,6266.5,5891.87,6199.6,759847789.73
2018-08-15 00:00:00,6199.63,6620.07,6193.63,6274.22,852103141.83
2018-08-16 00:00:00,6274.22,6478.07,6217.33,6323.81,454679037.36
2018-08-17 00:00:00,6323.81,6594.72,6300.45,6591.16,477089455.56
2018-08-18 00:00:00,6591.18,6622.16,6322.44,6405.71,336744293.81
2018-08-19 00:00:00,6405.74,6560.88,6330.56,6502.18,253984821.8
2018-08-20 00:00:00,6502.24,6537.54,6248.39,6269.9,397981291.82
2018-08-21 00:00:00,6270.09,6506.69,6259.81,6491.11,396746063.37
2018-08-22 00:00:00,6491.09,6890.79,6264.34,6366.13,764005011.18
2018-08-23 00:00:00,6366.14,6575.28,6356.96,6538.95,340811486.77
2018-08-24 00:00:00,6539.13,6736.83,6481.76,6708.96,382456858.97
2018-08-25 00:00:00,6708.94,6808.89,6684.19,6749.56,258296664.16
2018-08-26 00:00:00,6749.71,6793.17,6588.48,6720.6,265820591.17
2018-08-27 00:00:00,6720.6,6944.21,6674.84,6915.73,405769271.5
2018-08-28 00:00:00,6915.92,7136.71,6877.2,7091.38,487789642
2018-08-29 00:00:00,7091.38,7137.47,6944.76,7052,356139022.3
2018-08-30 00:00:00,7051.61,7072.64,6818.69,6998.76,425475685.56
2018-08-31 00:00:00,6998.76,7096.73,6903.08,7026.96,349131152.81
2018-09-01 00:00:00,7026.96,7272.03,7025.58,7203.46,300301833.39
2018-09-02 00:00:00,7203.46,7384.38,7144.71,7301.26,447453370.83
2018-09-03 00:00:00,7301.25,7350.58,7204.89,7270.05,309327793.27
2018-09-04 00:00:00,7270.05,7417.65,7246.76,7369.86,343762001.58
2018-09-05 00:00:00,7369.89,7401.43,6694.06,6705.03,797851163.66
2018-09-06 00:00:00,6705.06,6727.19,6295.11,6515.42,823309044.3
2018-09-07 00:00:00,6515.42,6549.39,6345.48,6411.78,344487244.01
2018-09-08 00:00:00,6413.12,6480.57,6134.76,6200.16,317380272.09
2018-09-09 00:00:00,6200.23,6451.25,6161.83,6249.07,244400344.41
2018-09-10 00:00:00,6249.07,6371.42,6247.64,6324.43,320435279.61
2018-09-11 00:00:00,6324.43,6415.51,6199.19,6295.54,324512939.85
2018-09-12 00:00:00,6295.54,6357.89,6208.28,6337.11,332537236.17
2018-09-13 00:00:00,6337.08,6534.89,6337.08,6492,425090869.76
2018-09-14 00:00:00,6492.17,6591.59,6393.84,6486.01,377989402.01
2018-09-15 00:00:00,6485.39,6573.19,6473.47,6522.08,208349557
2018-09-16 00:00:00,6522.68,6525.05,6404.31,6502.44,200545603.1
2018-09-17 00:00:00,6502.44,6538.82,6216.83,6261.48,399675966.34
2018-09-18 00:00:00,6261.33,6393.39,6238.25,6346.44,348485895.37
2018-09-19 00:00:00,6346.44,6522.9,6131.02,6398.8,452379323.08
2018-09-20 00:00:00,6398.83,6551.93,6361.33,6505.9,301619960.91
2018-09-21 00:00:00,6505.97,6785.22,6501.01,6762.06,569642976.25
2018-09-22 00:00:00,6762.07,6834.49,6633.01,6716.6,261159308.22
2018-09-23 00:00:00,6716.6,6768.56,6663.9,6702.7,169080003.37
2018-09-24 00:00:00,6702.73,6717.6,6557.82,6583.53,324660682.66
2018-09-25 00:00:00,6583.53,6583.54,6333.21,6437.74,420279170.44
2018-09-26 00:00:00,6437.74,6543.92,6383.16,6462.6,264402806.65
2018-09-27 00:00:00,6462.6,6733.94,6434.76,6686.13,345096700.08
2018-09-28 00:00:00,6686.13,6806.1,6545.41,6635.38,497340510.07
2018-09-29 00:00:00,6635.4,6635.42,6474.23,6603.75,245055396.51
2018-09-30 00:00:00,6603.75,6741.96,6543.68,6623.71,174302164.09
2018-10-01 00:00:00,6623.82,6662.6,6510.54,6594.98,256959931.63
2018-10-02 00:00:00,6594.98,6618.95,6478.04,6525.47,267166277.79
2018-10-03 00:00:00,6525.46,6537.07,6428.98,6492.26,306385346.59
2018-10-04 00:00:00,6492.61,6622.32,6486.86,6579.79,277614018.45
2018-10-05 00:00:00,6580,6683.55,6546.98,6632.87,262562344.98
2018-10-06 00:00:00,6632.88,6637.08,6563.25,6589.94,162722103.98
2018-10-07 00:00:00,6589.94,6622.49,6535.02,6601.15,179378859.39
2018-10-08 00:00:00,6601.46,6698.31,6565.01,6650.07,313507433.75
2018-10-09 00:00:00,6650.07,6657,6589.39,6631.79,213976678.23
2018-10-10 00:00:00,6631.79,6633.22,6487.86,6581.07,323664963.18
2018-10-11 00:00:00,6581.07,6581.59,6171.95,6209.47,654924117.8
2018-10-12 00:00:00,6209.47,6296.56,6173.86,6250.85,289840137.45
2018-10-13 00:00:00,6252.1,6280.73,6238.92,6267.27,137705035.59
2018-10-14 00:00:00,6267.27,6346.56,6247.17,6277.73,215422888.18
2018-10-15 00:00:00,6277.73,7234.83,6244.77,6612.36,1190524168.21
2018-10-16 00:00:00,6612.69,6724.91,6545.54,6583.05,324232509.78
2018-10-17 00:00:00,6583.05,6589.2,6511.6,6574.52,220418636.64
2018-10-18 00:00:00,6576.4,6616.27,6445.05,6488.72,331761115.45
2018-10-19 00:00:00,6489.37,6503.09,6449.36,6469.28,237855085.41
2018-10-20 00:00:00,6469.28,6645.2,6395.45,6490.56,127185847.78
2018-10-21 00:00:00,6490.6,6557.39,6474.47,6509.87,105283929.06
2018-10-22 00:00:00,6509.87,6531.23,6460.38,6483.23,202766914.4
2018-10-23 00:00:00,6484.32,6496.2,6438.99,6470.22,220913293.6
2018-10-24 00:00:00,6470.63,6538.35,6465.73,6476.25,222068131.83
2018-10-25 00:00:00,6476.52,6497.9,6432.3,6462.77,231214963.95
2018-10-26 00:00:00,6462.77,6514,6441.81,6457.21,215447656.36
2018-10-27 00:00:00,6457.21,6479,6445.95,6470.17,124066466.34
2018-10-28 00:00:00,6470.17,6483.24,6444.74,6470.74,109118160.99
2018-10-29 00:00:00,6470.74,6483.39,6282.58,6313.91,342463526.52
2018-10-30 00:00:00,6314.38,6340.68,6286.3,6309.11,269592154.08
2018-10-31 00:00:00,6309.11,6391.25,6241.49,6342.61,245357244.49
2018-11-01 00:00:00,6342.81,6402.59,6322.6,6381.3,199861220.45
2018-11-02 00:00:00,6381.3,6420.93,6371.57,6394.66,179385606.7
2018-11-03 00:00:00,6394.65,6398.09,6336.96,6376.32,183565304.27
2018-11-04 00:00:00,6376.55,6498.16,6351.92,6467.05,175805188.92
2018-11-05 00:00:00,6467.05,6475.8,6406.69,6433.74,155758902.3
2018-11-06 00:00:00,6433.53,6482.81,6412.56,6479.72,239808254.25
2018-11-07 00:00:00,6479.72,6562.79,6476.59,6529.68,360052788.55
2018-11-08 00:00:00,6530.94,6542.42,6438.27,6446.06,273205386.68
2018-11-09 00:00:00,6446.06,6457.97,6352.45,6377.99,237893036.71
2018-11-10 00:00:00,6377.99,6419.92,6376.17,6396.37,94313328.59
2018-11-11 00:00:00,6396.39,6414.18,6326.38,6408.18,130156001.58
2018-11-12 00:00:00,6408.18,6435.41,6350.87,6375.08,181575610.86
2018-11-13 00:00:00,6375.08,6389.43,6315.58,6339.17,227689745.72
2018-11-14 00:00:00,6339.17,6375.7,5469.93,5741.47,1045469380.16
2018-11-15 00:00:00,5740.51,5767.06,5300.75,5647.5,820864013.96
2018-11-16 00:00:00,5647.5,5676.54,5487.87,5586.27,397196182.83
2018-11-17 00:00:00,5586.97,5602.01,5524.7,5568.94,164182152.19
2018-11-18 00:00:00,5567.95,5701.35,5567.95,5615.26,233409182.46
2018-11-19 00:00:00,5615.26,5615.98,4757.01,4809.62,1072037780.45
2018-11-20 00:00:00,4809.62,4953.56,4168.25,4441.81,1433400842.16
2018-11-21 00:00:00,4441.81,4689.55,4315.58,4593.04,686284917.84
2018-11-22 00:00:00,4593.04,4640.72,4297.21,4320.68,376852837.57
2018-11-23 00:00:00,4320.68,4419.48,4157.19,4343.42,521825987.75
2018-11-24 00:00:00,4343.42,4432,3741.2,3854.11,503028289.39
2018-11-25 00:00:00,3854.11,4165.93,3550.04,4004.15,819869496.19
2018-11-26 00:00:00,4004.46,4124.7,3598.81,3784.59,715341714.72
2018-11-27 00:00:00,3784.77,3878.9,3613.11,3822.99,555212127.53
2018-11-28 00:00:00,3822.99,4398.57,3822.94,4263.55,726808596.57
2018-11-29 00:00:00,4263.52,4444.39,4130.68,4286.69,479575430.64
2018-11-30 00:00:00,4286.85,4331.07,3916.3,4009.67,497762735.43
2018-12-01 00:00:00,4009.67,4309.65,3942.62,4197.46,280927570.31
2018-12-02 00:00:00,4197.7,4318.79,4077.67,4143.86,262154694.41
2018-12-03 00:00:00,4143.86,4159.01,3795.18,3871.41,423985399.83
2018-12-04 00:00:00,3871.41,4082.68,3770.92,3948.44,373361232.89
2018-12-05 00:00:00,3948.44,3961.8,3719.19,3737.53,320944415.67
2018-12-06 00:00:00,3737.53,3883.43,3467.92,3485.18,590923562.42
2018-12-07 00:00:00,3485.18,3576.11,3248,3420.57,699930576.16
2018-12-08 00:00:00,3420.57,3602.49,3295.21,3461.07,357548590.53
2018-12-09 00:00:00,3461.07,3718.58,3436.5,3592.84,295321498.63
2018-12-10 00:00:00,3592.84,3645.49,3416.77,3467.16,287119758.11
2018-12-11 00:00:00,3467.16,3483.58,3348.98,3401.02,230671778.42
2018-12-12 00:00:00,3401.02,3545.37,3380.48,3485.59,257293632.74
2018-12-13 00:00:00,3485.59,3493.76,3272.81,3305.11,286236674.73
2018-12-14 00:00:00,3305.11,3333.24,3180.97,3235.48,290985461.02
2018-12-15 00:00:00,3235.48,3271.76,3169.53,3232.51,165378769.6
2018-12-16 00:00:00,3232.51,3319.83,3227.4,3255.37,148182655.41
2018-12-17 00:00:00,3255.37,3639.65,3239.06,3548.19,412454521.38
2018-12-18 00:00:00,3548.19,3727.99,3481.46,3715.85,327807644.75
2018-12-19 00:00:00,3715.85,3969.7,3693.57,3736.54,620695447.39
2018-12-20 00:00:00,3736.54,4225.52,3712.82,4137.66,724855205.51
2018-12-21 00:00:00,4137.66,4247.71,3831.2,3898.81,516656937.13
2018-12-22 00:00:00,3898.81,4060.34,3849.23,4045.24,250085915.72
2018-12-23 00:00:00,4045.24,4117.65,3972.39,4007.63,235997621.23
2018-12-24 00:00:00,4007.63,4303.37,4006.6,4081.95,459290147.24
2018-12-25 00:00:00,4081.95,4094.61,3734.85,3834.73,367200910.64
2018-12-26 00:00:00,3834.73,3923.93,3746.86,3848.78,263439573.84
2018-12-27 00:00:00,3848.78,3888.92,3622.39,3646.09,305729129.14
2018-12-28 00:00:00,3646.09,4007.71,3628.43,3947.86,353705007.17
2018-12-29 00:00:00,3947.86,4004.14,3774.38,3797.06,214891355.42
2018-12-30 00:00:00,3797.06,3925.18,3760.8,3896.21,191958416.81
2018-12-31 00:00:00,3896.21,3904.28,3701.48,3747.39,206190463.74
2019-01-01 00:00:00,3747.39,3938.75,3696.94,3880.15,170598307.96
2019-01-02 00:00:00,3880.15,3989.59,3826.29,3961.01,210854603.84
2019-01-03 00:00:00,3961.01,3965.52,3778.76,3835.86,176488072.06
2019-01-04 00:00:00,3835.86,3901.65,3783.88,3874.06,170507611.15
2019-01-05 00:00:00,3874.06,3926.92,3841.13,3855.39,139438510.18
2019-01-06 00:00:00,3855.39,4145.16,3829.09,4102.85,236298043.75
2019-01-07 00:00:00,4102.85,4132.62,4001.35,4050.4,209289368.14
2019-01-08 00:00:00,4050.4,4156.16,3990.34,4040.75,268091045.44
2019-01-09 00:00:00,4040.75,4092.91,4013,4048.34,223639028.92
2019-01-10 00:00:00,4048.34,4085.09,3631.07,3668.15,412522198.13
2019-01-11 00:00:00,3668.15,3729.69,3616.41,3669.2,231465488.1
2019-01-12 00:00:00,3669.2,3692.12,3611.2,3664.38,103912541.38
2019-01-13 00:00:00,3664.38,3675.2,3528.24,3551.24,164125048.97
2019-01-14 00:00:00,3551.24,3748.88,3544.53,3703.9,204793029.92
2019-01-15 00:00:00,3703.9,3724.3,3590.49,3621.24,198582447.53
2019-01-16 00:00:00,3621.24,3704.37,3611.38,3643.99,196211595.54
2019-01-17 00:00:00,3643.99,3695.28,3586.92,3685.3,168287506.1
2019-01-18 00:00:00,3685.3,3685.39,3620.44,3648.05,118317804.97
2019-01-19 00:00:00,3648.05,3799.62,3643.01,3729.78,143238228.4
2019-01-20 00:00:00,3729.78,3754.65,3529.25,3567.73,177628515.93
2019-01-21 00:00:00,3567.73,3599.83,3535.19,3571.92,129000924.6
2019-01-22 00:00:00,3571.92,3635.69,3473.77,3602.04,191355241.84
2019-01-23 00:00:00,3602.04,3631.15,3543.96,3572.05,135864247.56
2019-01-24 00:00:00,3572.05,3616.33,3546.5,3598.52,113155246.95
2019-01-25 00:00:00,3598.52,3607.43,3539.41,3582.89,116674680.78
2019-01-26 00:00:00,3582.89,3676.4,3578.62,3596.5,105927045.55
2019-01-27 00:00:00,3596.5,3605.99,3511.29,3565.08,93766117.67
2019-01-28 00:00:00,3565.08,3567.56,3402.56,3453.42,206309738.62
2019-01-29 00:00:00,3453.42,3463.2,3369.19,3418.25,158106687
2019-01-30 00:00:00,3418.25,3488.91,3395.94,3467.21,146422486.1
2019-01-31 00:00:00,3467.21,3499.78,3422.83,3434.13,128773893.15
2019-02-01 00:00:00,3434.13,3478.55,3398.96,3461.63,144476056.44
2019-02-02 00:00:00,3461.63,3519.14,3441.21,3508.68,94144187.11
2019-02-03 00:00:00,3508.68,3514.43,3424.42,3449.62,79591219.11
2019-02-04 00:00:00,3449.62,3470.8,3429.21,3431.24,82280894.52
2019-02-05 00:00:00,3431.24,3447.88,3415.67,3447.66,84042727.18
2019-02-06 00:00:00,3447.66,3459.33,3362.24,3394.89,150408587.85
2019-02-07 00:00:00,3394.89,3406.54,3369.1,3375.33,97390901.92
2019-02-08 00:00:00,3375.33,3735.1,3363.32,3660.03,317023029.42
2019-02-09 00:00:00,3660.03,3673.71,3616.11,3652.26,94200588.34
2019-02-10 00:00:00,3652.26,3689.32,3611.46,3685.14,109365095.98
2019-02-11 00:00:00,3685.14,3688.59,3608.18,3611.34,146354074.39
2019-02-12 00:00:00,3611.34,3648.67,3574.22,3617.41,164816438.53
2019-02-13 00:00:00,3617.41,3655.89,3590.01,3605.87,146822348.57
2019-02-14 00:00:00,3605.87,3619.7,3567.39,3588.72,117804856.32
2019-02-15 00:00:00,3588.72,3640.65,3575.95,3593.49,130398989.33
2019-02-16 00:00:00,3593.49,3639.75,3592.04,3617.24,86973822.79
2019-02-17 00:00:00,3617.24,3706.17,3608.18,3670.92,134218331.16
2019-02-18 00:00:00,3670.92,3952.44,3661.42,3912.57,376203280.43
2019-02-19 00:00:00,3912.57,4010.91,3882.52,3924.24,292137057.43
2019-02-20 00:00:00,3924.24,3992.31,3898.91,3974.05,209282292.49
2019-02-21 00:00:00,3974.05,4026.54,3900.28,3937.04,187314178.85
2019-02-22 00:00:00,3937.04,3996.15,3917.66,3983.53,170405341.81
2019-02-23 00:00:00,3983.53,4192.39,3948.48,4149.09,231174632.28
2019-02-24 00:00:00,4149.09,4221.62,3755.38,3771.62,319071544.94
2019-02-25 00:00:00,3771.62,3885.06,3771.53,3845.51,185036583.31
2019-02-26 00:00:00,3845.51,3852.66,3791.9,3817.88,126868886.89
2019-02-27 00:00:00,3817.88,3851.84,3699.53,3830.72,175069054.72
2019-02-28 00:00:00,3830.72,3909.86,3798,3823.37,170646670.66
2019-03-01 00:00:00,3823.37,3866.12,3822.67,3831.48,101774924.71
2019-03-02 00:00:00,3831.48,3846.38,3790.74,3842.94,73894412.97
2019-03-03 00:00:00,3842.94,3853.28,3788.04,3812.31,64065044.79
2019-03-04 00:00:00,3812.31,3831.01,3705.14,3731.28,147245676.28
2019-03-05 00:00:00,3731.28,3893.52,3720.49,3874.18,165062256.27
2019-03-06 00:00:00,3874.18,3916.29,3839.39,3874.98,129520549.49
2019-03-07 00:00:00,3874.98,3911.76,3853.2,3882.61,146201726.67
2019-03-08 00:00:00,3882.61,3932.02,3804.98,3868.02,153405087.61
2019-03-09 00:00:00,3868.02,3975.25,3860.66,3947.74,108370246.04
2019-03-10 00:00:00,3947.74,3948.21,3897.82,3929.84,68252920.53
2019-03-11 00:00:00,3929.84,3941.99,3849.45,3874.89,126998648.6
2019-03-12 00:00:00,3874.89,3904.7,3827.23,3888.57,130291591.54
2019-03-13 00:00:00,3888.57,3898.25,3853.06,3878.44,108286926.77
2019-03-14 00:00:00,3878.44,3922.21,3825.03,3881.44,133931876.12
2019-03-15 00:00:00,3881.44,3935.1,3876.17,3927.08,125588541.02
2019-03-16 00:00:00,3927.08,4069.11,3924.98,4027.01,166216280.52
2019-03-17 00:00:00,4027.01,4030.38,3970.97,3998,68146133.16
2019-03-18 00:00:00,3998,4038.99,3964.31,3988.85,109428478.54
2019-03-19 00:00:00,3988.85,4032.04,3972.47,4024.14,118919147.36
2019-03-20 00:00:00,4024.14,4064.95,3995.49,4056.75,148490744.9
2019-03-21 00:00:00,4056.75,4082.29,3953.53,3996.93,178077036.22
2019-03-22 00:00:00,3996.93,4018.21,3984,4000.84,90726555.79
2019-03-23 00:00:00,4000.84,4019.36,3982.47,4007.21,74094017.72
2019-03-24 00:00:00,4007.21,4010.3,3970.35,3994.11,64375076.75
2019-03-25 00:00:00,3994.11,4005.29,3887.68,3924.55,136398998.18
2019-03-26 00:00:00,3924.55,3943.2,3902.52,3942.22,93805733.55
2019-03-27 00:00:00,3942.22,4054.32,3932.79,4045.98,149005782.26
2019-03-28 00:00:00,4045.98,4046.44,4014.69,4036.45,102296341.19
2019-03-29 00:00:00,4036.45,4122.89,4031.22,4111.38,170915132.77
2019-03-30 00:00:00,4111.38,4146.88,4066.87,4118.13,102400533.82
2019-03-31 00:00:00,4118.13,4129.43,4098.79,4112.69,56727425.19
2019-04-01 00:00:00,4112.69,4164.33,4082.2,4151.32,152826759.02
2019-04-02 00:00:00,4151.32,5104.42,4147.7,4906.93,814748125.73
2019-04-03 00:00:00,4906.93,5335.7,4831.59,4976.59,809158339.99
2019-04-04 00:00:00,4976.59,5071.98,4799.77,4913.36,370109007.61
2019-04-05 00:00:00,4913.36,5074.13,4897.61,5047.23,280722247.3
2019-04-06 00:00:00,5047.23,5240.19,4938,5057.25,275839573.8
2019-04-07 00:00:00,5057.25,5266.04,5044.28,5201.16,243329883.48
2019-04-08 00:00:00,5201.16,5347.88,5141.23,5294.09,366577921.18
2019-04-09 00:00:00,5294.09,5294.09,5159.13,5201.3,253577595.39
2019-04-10 00:00:00,5201.3,5460.94,5178.61,5318.6,349643837.46
2019-04-11 00:00:00,5318.6,5343.66,4987.65,5048.56,356811374.12
2019-04-12 00:00:00,5048.56,5118.61,4927.62,5081.5,220667543.59
2019-04-13 00:00:00,5081.5,5128.96,5056.19,5080.66,118956124.9
2019-04-14 00:00:00,5080.66,5186.82,5031.2,5165.59,108148233.81
2019-04-15 00:00:00,5165.59,5195.31,4969.31,5037.27,205867031.18
2019-04-16 00:00:00,5037.27,5232.03,5029.16,5212.81,207311534.31
2019-04-17 00:00:00,5212.81,5270.76,5190.81,5236.26,194699629.15
2019-04-18 00:00:00,5236.26,5317.78,5232.99,5289.75,187312150.44
2019-04-19 00:00:00,5289.75,5353.01,5212.18,5295.53,158699049.55
2019-04-20 00:00:00,5295.53,5366.6,5274.45,5326.18,123577001.56
2019-04-21 00:00:00,5326.18,5348.59,5232.77,5305.74,134681237.4
2019-04-22 00:00:00,5305.74,5444.76,5265.73,5394.67,242498187.66
2019-04-23 00:00:00,5394.67,5626.83,5371.31,5539.1,368556751.66
2019-04-24 00:00:00,5539.1,5633,5390.98,5454.58,339093001.24
2019-04-25 00:00:00,5454.58,5521.61,5031.69,5162.67,374798664.87
2019-04-26 00:00:00,5162.67,5361.94,5104.18,5234.09,366773360.18
2019-04-27 00:00:00,5234.09,5282.97,5192.45,5229.48,113430273.96
2019-04-28 00:00:00,5233.47,5313.7,5218.42,5272.45,133564683.52
2019-04-29 00:00:00,5272.45,5299.51,5162.81,5237.96,167206787.27
2019-04-30 00:00:00,5237.96,5372.23,5224.64,5350.64,172540196.26
2019-05-01 00:00:00,5350.64,5417.17,5346.7,5389.54,147345369.73
2019-05-02 00:00:00,5389.54,5531.15,5387.29,5500.72,192256639.91
2019-05-03 00:00:00,5500.72,5891.9,5484.78,5753.38,432335283.61
2019-05-04 00:00:00,5753.38,5901.36,5596.15,5840.08,263390273.68
2019-05-05 00:00:00,5840.08,5849.5,5709.74,5794.14,147662500.76
2019-05-06 00:00:00,5794.14,5823.67,5644.15,5748.17,200316185.51
2019-05-07 00:00:00,5748.17,6031.54,5748.17,5819.57,353043890.95
2019-05-08 00:00:00,5819.57,6032.25,5753.08,5998.71,241917027.36
2019-05-09 00:00:00,5998.71,6194.91,5988.65,6171.96,310336580.16
2019-05-10 00:00:00,6171.96,6444.57,6133.21,6358.29,430403405.14
2019-05-11 00:00:00,6358.29,7394.94,6357.02,7191.36,933141315.95
2019-05-12 00:00:00,7191.36,7541.61,6793.21,6977.63,1023203366.46
2019-05-13 00:00:00,6977.63,8127.75,6873.42,7806.36,1140302646.6
2019-05-14 00:00:00,7806.36,8297.02,7631.34,7980.13,976094121.29
2019-05-15 00:00:00,7980.13,8263.29,7849.92,8183.83,694202804.31
2019-05-16 00:00:00,8183.83,8352.25,7679.05,7874.11,762104107.69
2019-05-17 00:00:00,7874.11,7930.98,6668.67,7371.96,1023961962.83
2019-05-18 00:00:00,7371.96,7491.67,7213.72,7266.08,303317486.98
2019-05-19 00:00:00,7266.08,8281.66,7257.26,8193.14,723011166.2
2019-05-20 00:00:00,8193.14,8193.14,7591.85,7998.29,637617163.27
2019-05-21 00:00:00,7998.29,8102.32,7807.77,7947.93,357803946.85
2019-05-22 00:00:00,7947.93,8033.76,7533.66,7626.89,424501866.33
2019-05-23 00:00:00,7626.89,7971.26,7478.74,7876.5,386766321.19
2019-05-24 00:00:00,7876.5,8165.45,7801.57,7996.4,413162746.86
2019-05-25 00:00:00,7996.4,8140.82,7948.68,8059.13,179206342.03
2019-05-26 00:00:00,8059.13,8779,7894.53,8726.23,483663699.62
2019-05-27 00:00:00,8726.23,8931.53,8668.46,8785.17,507164714.76
2019-05-28 00:00:00,8785.17,8818.71,8562.2,8718.85,360752199.95
2019-05-29 00:00:00,8718.85,8760.48,8444.1,8664.56,380343928.72
2019-05-30 00:00:00,8664.56,9065.89,8027.21,8276.25,815525590.67
2019-05-31 00:00:00,8276.25,8570.78,8116,8550.67,502056527.56
2019-06-01 00:00:00,8550.67,8619.21,8459.65,8555.87,229736992.43
2019-06-02 00:00:00,8555.87,8819.9,8547.48,8737.91,221708083.06
2019-06-03 00:00:00,8737.91,8740.24,8073.18,8114.49,534972187.72
2019-06-04 00:00:00,8114.49,8114.49,7463.94,7677.47,809220381.24
2019-06-05 00:00:00,7677.47,7917.14,7591.88,7791.29,387021977.02
2019-06-06 00:00:00,7791.29,7872.1,7467.52,7807.36,342084400.02
2019-06-07 00:00:00,7807.36,8127.63,7767.37,8002.63,407241297.23
2019-06-08 00:00:00,8002.63,8058.91,7796.46,7933.78,186055499.51
2019-06-09 00:00:00,7933.78,7964.75,7535.9,7643.44,234551796.21
2019-06-10 00:00:00,7643.44,8061.5,7533.53,8021,339520552.04
2019-06-11 00:00:00,8021,8049.78,7724.58,7917.32,282632009.38
2019-06-12 00:00:00,7917.32,8250,7834.57,8174.14,399065678.38
2019-06-13 00:00:00,8174.14,8326.2,8053.65,8235.57,315594036.87
2019-06-14 00:00:00,8235.57,8724.42,8180.39,8693.96,424131990.84
2019-06-15 00:00:00,8693.96,8905.14,8621.48,8853.56,333656492.38
2019-06-16 00:00:00,8853.56,9372.89,8800.96,8979.18,767025702.52
2019-06-17 00:00:00,8979.18,9468.85,8976.99,9336.01,606269265.79
2019-06-18 00:00:00,9336.01,9357.22,8941.83,9081.71,473016555.83
2019-06-19 00:00:00,9081.71,9313.18,9045.47,9280.54,293070485.25
2019-06-20 00:00:00,9280.54,9600.28,9219.81,9536.85,424436854.57
2019-06-21 00:00:00,9536.85,10230.86,9536.85,10218.87,765543626.6
2019-06-22 00:00:00,10218.87,11207.97,10086.32,10689.54,1240328392.49
2019-06-23 00:00:00,10689.54,11285.51,10513.81,10855.99,619160985.99
2019-06-24 00:00:00,10855.99,11100.92,10555.71,11035.74,565444720.43
2019-06-25 00:00:00,11035.74,11778.22,10992.37,11740.34,953962631.15
2019-06-26 00:00:00,11740.34,13826.76,11679.1,12913.28,2685872365.1
2019-06-27 00:00:00,12913.28,13314.05,10335.34,11154.09,2345027203.81
2019-06-28 00:00:00,11154.09,12433,10772.75,12355.06,1408438810.31
2019-06-29 00:00:00,12355.06,12362.9,11352.27,11884.1,968516834.6
2019-06-30 00:00:00,11884.1,12200.02,10677.83,10769.05,917158052.37
2019-07-01 00:00:00,10769.05,11207,10006.43,10591.87,1225129699.57
2019-07-02 00:00:00,10591.87,10927.6,9678.1,10844.13,1239524970.43
2019-07-03 00:00:00,10844.13,12009.59,10841.91,11981.61,1313585829.89
2019-07-04 00:00:00,11981.61,12055.11,11067.68,11156.52,831236841.56
2019-07-05 00:00:00,11156.52,11435.38,10787.94,10993.25,734424868.07
2019-07-06 00:00:00,10993.25,11709.27,10985.4,11248.94,549769169.13
2019-07-07 00:00:00,11248.94,11605.43,11109.42,11474.28,418161890.29
2019-07-08 00:00:00,11474.28,12386.28,11339.02,12296.16,762033323.29
2019-07-09 00:00:00,12296.16,12808.06,12117.31,12567.02,993891866.34
2019-07-10 00:00:00,12567.02,13183.73,11569.94,12099.12,1554955347.89
2019-07-11 00:00:00,12099.12,12099.91,11002.39,11343.12,1185222449.66
2019-07-12 00:00:00,11343.12,11931.91,11096.61,11797.37,647690095.15
2019-07-13 00:00:00,11797.37,11835.87,10827.53,11363.97,668325183.28
2019-07-14 00:00:00,11363.97,11447.92,10118.85,10204.41,814667763.32
2019-07-15 00:00:00,10204.41,11070.18,9877.02,10850.26,965178341.63
2019-07-16 00:00:00,10850.26,11025.76,9366.82,9423.44,1140137759.72
2019-07-17 00:00:00,9423.44,9982.24,9086.51,9696.15,965256823.84
2019-07-18 00:00:00,9696.15,10776.54,9292.61,10638.35,1033842556.65
2019-07-19 00:00:00,10638.35,10757.41,10135.16,10532.94,658190962.53
2019-07-20 00:00:00,10532.94,11094.32,10379.19,10759.42,608954333.23
2019-07-21 00:00:00,10759.42,10833.99,10329.89,10586.71,405339891.1
2019-07-22 00:00:00,10586.71,10676.6,10072.07,10325.87,524442852.25
2019-07-23 00:00:00,10325.87,10328.44,9820.61,9854.15,529438124.08
2019-07-24 00:00:00,9854.15,9920.54,9535.78,9772.14,531611909.42
2019-07-25 00:00:00,9772.14,10184.43,9744.7,9882.43,403576364.36
2019-07-26 00:00:00,9882.43,9890.05,9668.52,9847.45,312717110.04
2019-07-27 00:00:00,9847.45,10202.95,9310.47,9478.32,512612117.07
2019-07-28 00:00:00,9478.32,9591.52,9135.64,9531.77,267243770.14
2019-07-29 00:00:00,9531.77,9717.69,9386.9,9506.93,299936368.39
2019-07-30 00:00:00,9506.93,9749.53,9391.78,9595.52,276402322.56
2019-07-31 00:00:00,9595.52,10123.94,9581.6,10089.25,416343142.53
2019-08-01 00:00:00,10089.25,10488.81,9890.49,10409.79,442037342.05
2019-08-02 00:00:00,10409.79,10666.64,10340.82,10528.99,463688251.79
2019-08-03 00:00:00,10528.99,10915,10509.35,10820.41,367536516.75
2019-08-04 00:00:00,10820.41,11074.95,10572.24,10978.91,431699306.35
2019-08-05 00:00:00,10978.91,11945.38,10978.89,11807.96,870917186.96
2019-08-06 00:00:00,11807.96,12316.85,11224.1,11467.1,949534020.01
2019-08-07 00:00:00,11467.1,12138.55,11393.98,11974.28,834719365.81
2019-08-08 00:00:00,11974.28,12042.87,11498.04,11982.8,588463519.89
2019-08-09 00:00:00,11982.8,12027.57,11674.06,11865.21,464214586.73
2019-08-10 00:00:00,11865.21,11971.35,11232.42,11293.59,470049694.45
2019-08-11 00:00:00,11293.59,11584.35,11119.32,11549.06,292814721.19
2019-08-12 00:00:00,11549.06,11554.74,11240.38,11387.41,229908138.9
2019-08-13 00:00:00,11387.41,11439.48,10765.3,10872,483240069.77
2019-08-14 00:00:00,10872,10873.44,9924.58,10031.89,728247545.72
2019-08-15 00:00:00,10031.89,10451.61,9497.12,10308.51,842979140.9
2019-08-16 00:00:00,10308.51,10544.97,9764.32,10360.43,635040831.46
2019-08-17 00:00:00,10360.43,10474.64,10010.76,10220.75,251018339.59
2019-08-18 00:00:00,10220.75,10512.89,10079.46,10326.25,223456175.83
2019-08-19 00:00:00,10326.25,10937.26,10278.31,10922.16,426168059.98
2019-08-20 00:00:00,10922.16,10956.06,10576.37,10770.76,332208752.04
2019-08-21 00:00:00,10770.76,10805.7,9870.07,10131.67,584554031.67
2019-08-22 00:00:00,10131.67,10231.99,9777.06,10104.11,380411207.72
2019-08-23 00:00:00,10104.11,10468.14,10053.67,10410.49,324471966.33
2019-08-24 00:00:00,10410.49,10430.99,9911.2,10150.07,283755017.73
2019-08-25 00:00:00,10150.07,10353.95,9907.03,10141.75,259448931.12
2019-08-26 00:00:00,10141.75,10626.93,10141.75,10364.91,437989368.7
2019-08-27 00:00:00,10364.91,10381.92,10038.26,10175.47,269489962.47
2019-08-28 00:00:00,10175.47,10281.59,9600.83,9722.83,486936428.33
2019-08-29 00:00:00,9722.83,9724.52,9344.69,9492.81,406305621.25
2019-08-30 00:00:00,9492.81,9699.85,9368.27,9587.25,276606372.89
2019-08-31 00:00:00,9587.25,9714.11,9512.03,9624.54,148320616.41
2019-09-01 00:00:00,9624.54,9823.53,9578.66,9768.36,149995549.7
2019-09-02 00:00:00,9768.36,10459,9764.76,10387.5,429220162.8
2019-09-03 00:00:00,10387.5,10773.27,10296.3,10625.1,550564712.84
2019-09-04 00:00:00,10625.1,10827.14,10392.88,10585.2,436210232.43
2019-09-05 00:00:00,10585.2,10659.6,10475.88,10556.16,253210793.56
2019-09-06 00:00:00,10556.16,10938.39,10228.17,10309.91,577987384.8
2019-09-07 00:00:00,10309.91,10574.99,10304.22,10491.96,197436363.34
2019-09-08 00:00:00,10491.96,10595.71,10286.85,10420.88,198370974.82
2019-09-09 00:00:00,10420.88,10514.59,10101.87,10314.88,340516851.61
2019-09-10 00:00:00,10314.88,10395.1,9966.94,10109.46,266382297.99
2019-09-11 00:00:00,10109.46,10251.97,9874.13,10165.01,283998084.25
2019-09-12 00:00:00,10165.01,10472.07,10057.09,10428.96,275877681.63
2019-09-13 00:00:00,10428.96,10591.45,9855.34,10372.29,251594742.18
2019-09-14 00:00:00,10372.29,10455.38,10251.96,10365.56,161565882.04
2019-09-15 00:00:00,10365.56,10401.53,10279.58,10313.02,120645589.34
2019-09-16 00:00:00,10313.02,10411.06,10103.87,10271.79,280632567.99
2019-09-17 00:00:00,10271.79,10297.99,10152.47,10198.62,221966422.11
2019-09-18 00:00:00,10198.62,10272.19,10100.9,10163.38,221697128.61
2019-09-19 00:00:00,10163.38,10368.46,9641.11,10281.03,456963432.6
2019-09-20 00:00:00,10281.03,10321.18,10065.55,10176.38,213229233.56
2019-09-21 00:00:00,10176.38,10187.64,9944.61,9988.38,179453539.43
2019-09-22 00:00:00,9988.38,10096.66,9871.97,10036.98,178007946.58
2019-09-23 00:00:00,10036.98,10073.79,9636.2,9694.6,327752087.22
2019-09-24 00:00:00,9694.6,9787.58,8107.01,8542.54,1084866143.86
2019-09-25 00:00:00,8542.54,8752.2,8246.24,8446.97,631898763.59
2019-09-26 00:00:00,8446.97,8471.02,7753.71,8074.99,652614929.72
2019-09-27 00:00:00,8074.99,8304.22,7888.5,8201.36,390323710.89
2019-09-28 00:00:00,8201.36,8345.03,8044.45,8223.65,244186983.17
2019-09-29 00:00:00,8223.65,8265.99,7943.33,8065.26,226712656.15
2019-09-30 00:00:00,8065.26,8372.24,7736.96,8314.62,407250929.38
2019-10-01 00:00:00,8314.62,8537.6,8212.01,8326.64,355446344.41
2019-10-02 00:00:00,8326.64,8403.51,8186.3,8391.52,205325219.19
2019-10-03 00:00:00,8391.52,8434.63,8105.02,8246.3,250685863.87
2019-10-04 00:00:00,8246.3,8267.11,8021.3,8168.05,214500278.91
2019-10-05 00:00:00,8168.05,8232.25,8052.51,8172.48,141685742.42
2019-10-06 00:00:00,8172.48,8221.03,7822.65,7868.31,239636660.01
2019-10-07 00:00:00,7868.31,8326.01,7798.09,8215.11,321239400.73
2019-10-08 00:00:00,8215.11,8354.19,8126.71,8191.87,173334218.05
2019-10-09 00:00:00,8191.87,8697.56,8132.74,8593.16,398201725.27
2019-10-10 00:00:00,8593.16,8672.58,8466.13,8596.57,250267419.87
2019-10-11 00:00:00,8596.57,8834.11,8259.77,8278.05,326882172.42
2019-10-12 00:00:00,8278.05,8439.44,8272.12,8316.66,92609964.73
2019-10-13 00:00:00,8316.66,8498.59,8194.16,8296.34,168896951.15
2019-10-14 00:00:00,8296.34,8414.24,8228.06,8363.94,146015532.85
2019-10-15 00:00:00,8363.94,8439.31,8116.92,8173.48,205674618.32
2019-10-16 00:00:00,8173.48,8193.41,7945.77,8014.39,274670310.13
2019-10-17 00:00:00,8014.39,8145.5,7948.95,8082.46,175172893.7
2019-10-18 00:00:00,8082.46,8157.36,7850.66,7972.62,221065928.44
2019-10-19 00:00:00,7972.62,8108.69,7919.05,7973.63,143202359.39
2019-10-20 00:00:00,7973.63,8326.13,7911.49,8247.25,205394286.06
2019-10-21 00:00:00,8247.25,8359.52,8177.11,8223.25,188511539.86
2019-10-22 00:00:00,8223.25,8318.41,8021.36,8034.5,200593851.39
2019-10-23 00:00:00,8034.5,8071.8,7336.06,7479.54,457672451.42
2019-10-24 00:00:00,7479.54,7524.31,7370.13,7444.2,213663114.76
2019-10-25 00:00:00,7444.2,8783.85,7431.2,8671.1,656574822.36
2019-10-26 00:00:00,8671.1,10380.48,8654.84,9258.98,1457875080.4
2019-10-27 00:00:00,9258.98,9805.42,9114.58,9550.6,614726341.04
2019-10-28 00:00:00,9550.6,9934.71,9201.49,9222.23,522287119.66
2019-10-29 00:00:00,9222.23,9565.11,9099.36,9432.86,377872980.92
2019-10-30 00:00:00,9432.86,9441.8,9018.3,9169.86,315824657.23
2019-10-31 00:00:00,9169.86,9423.16,8972,9157.52,329788397.17
2019-11-01 00:00:00,9157.52,9308.62,9072.62,9260.59,251360754.52
2019-11-02 00:00:00,9260.59,9400.44,9223.46,9311.99,159847329.63
2019-11-03 00:00:00,9311.99,9396.1,9108.22,9221.61,144662760.99
2019-11-04 00:00:00,9221.61,9578.74,9141,9421.54,275923701.7
2019-11-05 00:00:00,9421.54,9495.36,9196.64,9323.61,233491267.4
2019-11-06 00:00:00,9323.61,9455.53,9269.82,9347.27,208985449.5
2019-11-07 00:00:00,9347.27,9382.63,9114.14,9208.52,196879610.6
2019-11-08 00:00:00,9208.52,9263.83,8682.74,8772.31,371135404.96
2019-11-09 00:00:00,8772.31,8881.08,8732.62,8822.19,116025279.26
2019-11-10 00:00:00,8822.19,9126.98,8767.94,9045.85,162649216.87
2019-11-11 00:00:00,9045.85,9084.49,8619.78,8726.31,226035620.33
2019-11-12 00:00:00,8726.31,8868.85,8576.09,8815.14,194901130.1
2019-11-13 00:00:00,8815.14,8840.33,8721.68,8773.82,138900524.48
2019-11-14 00:00:00,8773.82,8811.04,8584.92,8640.42,164630654.03
2019-11-15 00:00:00,8640.42,8773.4,8393.29,8468.57,267441968.16
2019-11-16 00:00:00,8468.57,8539.42,8442.03,8498.94,79597461.02
2019-11-17 00:00:00,8498.94,8641.12,8411.3,8515.28,122271717.68
2019-11-18 00:00:00,8515.28,8537.87,8075.63,8190.16,250358969.38
2019-11-19 00:00:00,8190.16,8215.95,8016.54,8133.57,198180594.35
2019-11-20 00:00:00,8133.57,8232.23,8047.73,8093.6,147086043.41
2019-11-21 00:00:00,8093.6,8133.73,7437.33,7632.59,354377783.29
2019-11-22 00:00:00,7632.59,7721.9,6815.03,7292.2,680349857.19
2019-11-23 00:00:00,7292.2,7368.18,7119.41,7339.24,185099411.4
2019-11-24 00:00:00,7339.24,7364.59,6888.89,6930.09,249710266.27
2019-11-25 00:00:00,6930.09,7386.06,6560.13,7138.23,596056755.83
2019-11-26 00:00:00,7138.23,7350.44,7042.5,7170.11,259675008.66
2019-11-27 00:00:00,7170.11,7681.51,6873.1,7531.5,485895588.26
2019-11-28 00:00:00,7531.5,7663.45,7388.79,7442.33,225350756.08
2019-11-29 00:00:00,7442.33,7872.17,7425.49,7769.38,285280637.6
2019-11-30 00:00:00,7769.38,7821.01,7487.1,7571.77,189533166.63
2019-12-01 00:00:00,7571.77,7575.5,7261.95,7420.53,226245528.68
2019-12-02 00:00:00,7420.53,7442.62,7193.09,7320.94,184009273.35
2019-12-03 00:00:00,7320.94,7420.34,7260.93,7313.64,135997337.7
2019-12-04 00:00:00,7313.64,7764.68,7110.76,7207.78,360525572.37
2019-12-05 00:00:00,7207.78,7492.96,7175.85,7406.75,220875659.79
2019-12-06 00:00:00,7406.75,7607.79,7323.86,7558.58,209851296.57
2019-12-07 00:00:00,7558.58,7640.51,7503.1,7514.86,106572219.77
2019-12-08 00:00:00,7514.86,7594.8,7414.51,7539.7,120000308.79
2019-12-09 00:00:00,7539.7,7667.04,7296.42,7350.62,262161330.42
2019-12-10 00:00:00,7350.62,7403.64,7176.42,7233.84,170419385.84
2019-12-11 00:00:00,7233.84,7284.74,7167.13,7212.01,143267855.45
2019-12-12 00:00:00,7212.01,7307.96,7105.35,7199.39,201666958.32
2019-12-13 00:00:00,7199.39,7308.08,7199.39,7261.72,135777984.61
2019-12-14 00:00:00,7261.72,7283.78,7033.14,7080.29,111796861.42
2019-12-15 00:00:00,7080.29,7204.93,7030.37,7132.39,113742866.17
2019-12-16 00:00:00,7132.39,7172.46,6869.19,6897.33,278223344.11
2019-12-17 00:00:00,6897.33,6948.12,6585.46,6635.84,310739632.42
2019-12-18 00:00:00,6635.84,7442.26,6450.69,7294.53,491429584.47
2019-12-19 00:00:00,7294.53,7376.98,7057.66,7159.26,249541907.16
2019-12-20 00:00:00,7159.26,7234.56,7094.06,7203.41,168963964.55
2019-12-21 00:00:00,7203.41,7213.86,7132.82,7159.47,86864836.52
2019-12-22 00:00:00,7159.47,7527.4,7143.17,7517.58,200586646.53
2019-12-23 00:00:00,7517.58,7694.65,7275.28,7326.6,336425000.06
2019-12-24 00:00:00,7326.6,7429.42,7175.5,7260.91,203013413.87
2019-12-25 00:00:00,7260.91,7280.52,7132.3,7202.72,108513256.34
2019-12-26 00:00:00,7202.72,7442.21,7167.44,7207.23,169067214.27
2019-12-27 00:00:00,7207.23,7267.46,7061.61,7253.82,183588691.22
2019-12-28 00:00:00,7253.82,7368.09,7253.61,7316.23,106581355.23
2019-12-29 00:00:00,7316.23,7540.65,7295.33,7399.49,135257936.53
2019-12-30 00:00:00,7399.49,7414.07,7224.79,7234.44,168180498.67
2019-12-31 00:00:00,7234.44,7325.24,7141.94,7183.88,140384995.27
2020-01-01 00:00:00,7183.88,7267.16,7171.82,7189.94,85986188.11
2020-01-02 00:00:00,7189.94,7224.84,6945.83,6965.72,187393954.35
2020-01-03 00:00:00,6965.72,7407.11,6882.62,7339.7,376690440.38
2020-01-04 00:00:00,7339.7,7405.75,7278.6,7357.5,162106895.05
2020-01-05 00:00:00,7357.5,7501.42,7330.07,7359.96,179147746.87
2020-01-06 00:00:00,7359.96,7799.63,7355.11,7762.69,352286216.6
2020-01-07 00:00:00,7762.69,8218.63,7736.57,8160.36,600054472.25
2020-01-08 00:00:00,8160.36,8458.65,7873.97,8045.15,699004342.7
2020-01-09 00:00:00,8045.15,8047.11,7757.04,7817.35,316199456.84
2020-01-10 00:00:00,7817.35,8192.05,7682.56,8190.31,441131626.25
2020-01-11 00:00:00,8190.31,8287.42,8003.87,8024.58,250060123.9
2020-01-12 00:00:00,8024.58,8185.14,7968.4,8181.49,142197585.82
2020-01-13 00:00:00,8181.49,8200.4,8057.37,8106.56,184437465.66
2020-01-14 00:00:00,8106.56,8874.07,8106.4,8820.95,768098459.01
2020-01-15 00:00:00,8820.95,8890.04,8559.93,8813.21,441186933.78
2020-01-16 00:00:00,8813.21,8846.78,8586.56,8719.63,290989712.92
2020-01-17 00:00:00,8719.63,9004.35,8665.99,8894.83,432856377.78
2020-01-18 00:00:00,8894.83,8974.65,8807.26,8909.28,176837362.25
2020-01-19 00:00:00,8909.28,9177.39,8508.15,8702.59,421483277.31
2020-01-20 00:00:00,8702.59,8737.36,8521.52,8634.03,189247381.47
2020-01-21 00:00:00,8634.03,8771.75,8479.9,8724.84,196404470.17
2020-01-22 00:00:00,8724.84,8793.74,8582.43,8667.26,149906743.85
2020-01-23 00:00:00,8667.26,8680.93,8290.98,8394.28,323273085.37
2020-01-24 00:00:00,8394.28,8517.5,8225.83,8431.78,233502998.73
2020-01-25 00:00:00,8431.78,8444.32,8263.42,8345.88,119345600.29
2020-01-26 00:00:00,8345.88,8605.33,8302.57,8602.37,189985702.21
2020-01-27 00:00:00,8602.37,8991.01,8572.37,8898.94,329416202.64
2020-01-28 00:00:00,8898.94,9407.39,8892.58,9391.97,471220882.55
2020-01-29 00:00:00,9391.97,9429.16,9234.27,9286.18,345265419.21
2020-01-30 00:00:00,9286.18,9561.26,9181.72,9501.38,430815723.66
2020-01-31 00:00:00,9501.38,9518.87,9208.36,9342.23,292627757.98
2020-02-01 00:00:00,9342.23,9455.92,9296.57,9384.45,138614091.6
2020-02-02 00:00:00,9384.45,9469.84,9169.21,9334.25,225322638.39
2020-02-03 00:00:00,9334.25,9605.66,9230.83,9288.96,312315107.48
2020-02-04 00:00:00,9288.96,9347.12,9089.52,9171.98,244997961.95
2020-02-05 00:00:00,9171.98,9750.28,9162.98,9611.42,448381299.88
2020-02-06 00:00:00,9611.42,9853.08,9533.37,9755.84,410313693.85
2020-02-07 00:00:00,9755.84,9866.18,9714.16,9808.36,249852208.28
2020-02-08 00:00:00,9808.36,9936.26,9665.26,9898.25,244352034.45
2020-02-09 00:00:00,9898.25,10162.71,9880.67,10157.78,340301629.71
2020-02-10 00:00:00,10157.78,10185.09,9761.16,9858.03,406256357.82
2020-02-11 00:00:00,9858.03,10370.44,9716.32,10269.43,495614708
2020-02-12 00:00:00,10269.43,10475.43,10250.55,10347.93,449510878.91
2020-02-13 00:00:00,10347.93,10500.54,10081.02,10233.32,507955951.95
2020-02-14 00:00:00,10233.32,10387.37,10103.67,10360.37,297409586.88
2020-02-15 00:00:00,10360.37,10388.6,9789.89,9905.43,300819428.52
2020-02-16 00:00:00,9905.43,10042.6,9634.4,9925.51,272176494.52
2020-02-17 00:00:00,9925.51,9958.46,9482.71,9702.48,359702988.14
2020-02-18 00:00:00,9702.48,10274.35,9618.77,10182.6,382869718.91
2020-02-19 00:00:00,10182.6,10300.04,9340.17,9602.43,473100344.44
2020-02-20 00:00:00,9602.43,9698.59,9402.81,9608.8,352949373.64
2020-02-21 00:00:00,9608.8,9766.16,9582.07,9697.86,293546157.49
2020-02-22 00:00:00,9697.86,9720.21,9577.84,9671.46,118171544.81
2020-02-23 00:00:00,9671.46,10011.4,9669.88,9977.39,228093371.59
2020-02-24 00:00:00,9977.39,10019.3,9495.76,9664.21,331102536.15
2020-02-25 00:00:00,9664.21,9682.05,9258.4,9316.18,329372824.71
2020-02-26 00:00:00,9316.18,9379.07,8652.97,8793.5,588359496.49
2020-02-27 00:00:00,8793.5,8978.84,8540.74,8821.5,413657559.37
2020-02-28 00:00:00,8821.5,8908.8,8449.12,8719.29,360795192.37
2020-02-29 00:00:00,8719.29,8815.63,8545.32,8545.45,146455562.43
2020-03-01 00:00:00,8545.45,8776.71,8443.57,8549.38,219324311.08
2020-03-02 00:00:00,8549.38,8983.78,8521.79,8919.74,290280969.41
2020-03-03 00:00:00,8919.74,8940.69,8680.57,8765.68,252211805.89
2020-03-04 00:00:00,8765.68,8863.91,8690.82,8773.78,194233894.05
2020-03-05 00:00:00,8773.78,9179.74,8772.83,9074.82,305196274.33
2020-03-06 00:00:00,9074.82,9183.26,9015.35,9160.39,192168163.64
2020-03-07 00:00:00,9160.39,9225.42,8880.33,8903.72,187063951.77
2020-03-08 00:00:00,8903.72,8920.28,8033.06,8057.67,533371350.28
2020-03-09 00:00:00,8057.67,8200.82,7664.34,7944.4,682781069.24
2020-03-10 00:00:00,7944.4,8165.09,7758.12,7894.66,427332546.47
2020-03-11 00:00:00,7894.66,7998.79,7614.48,7945.36,372704355.27
2020-03-12 00:00:00,7945.36,7984.16,4736.21,4916.78,1769476928.68
2020-03-13 00:00:00,4916.78,5984.55,3948.92,5632.58,1663092005.9
2020-03-14 00:00:00,5632.58,5665.57,5069.29,5181.77,474539626.45
2020-03-15 00:00:00,5181.77,5961.78,5114.06,5357.02,568696762.62
2020-03-16 00:00:00,5357.02,5364.93,4454.22,5045,996661883.31
2020-03-17 00:00:00,5045,5561.43,4950.9,5337.66,618671971.75
2020-03-18 00:00:00,5337.66,5451.02,5024.71,5413.06,576456805.62
2020-03-19 00:00:00,5413.06,6418.99,5268.33,6184.88,868668216.67
2020-03-20 00:00:00,6184.88,6932.04,5691.69,6206.44,947038097.64
2020-03-21 00:00:00,6206.44,6459.65,5876.79,6195.43,415771088.67
2020-03-22 00:00:00,6195.43,6415.14,5750.68,5828.15,457211401.95
2020-03-23 00:00:00,5828.15,6614.56,5703.64,6503.53,667919370.22
2020-03-24 00:00:00,6503.53,6857.49,6406.64,6767.18,700444488.16
2020-03-25 00:00:00,6767.18,6980.29,6483,6694.21,566264216.07
2020-03-26 00:00:00,6694.21,6796.12,6539.61,6757.95,302121295.09
2020-03-27 00:00:00,6757.95,6876.97,6312.53,6382.8,381303011.52
2020-03-28 00:00:00,6382.8,6384.56,6051.23,6252.49,378476570.98
2020-03-29 00:00:00,6252.49,6286.96,5882.2,5882.2,286789900.17
2020-03-30 00:00:00,5882.2,6616.94,5874.8,6403.31,445848282.11
2020-03-31 00:00:00,6403.31,6531.66,6350.61,6423.61,233613490.19
2020-04-01 00:00:00,6423.61,6716.04,6168,6663.63,377164250.74
2020-04-02 00:00:00,6663.63,7245.15,6585.75,6804.42,635319847.54
2020-04-03 00:00:00,6804.42,7044.01,6618.82,6743.68,379639119.54
2020-04-04 00:00:00,6743.68,7010.45,6671.05,6875.95,230044243.33
2020-04-05 00:00:00,6875.95,6910.39,6689.07,6781.64,182019861.58
2020-04-06 00:00:00,6781.64,7359.05,6779.91,7347.22,560075869.57
2020-04-07 00:00:00,7347.22,7462.51,7084.52,7201.57,516422836.71
2020-04-08 00:00:00,7201.57,7425.85,7157.96,7367.37,445330043.76
2020-04-09 00:00:00,7367.37,7374.01,7124.88,7294.55,321287689.9
2020-04-10 00:00:00,7294.55,7304.8,6757.67,6876.49,440132415.16
2020-04-11 00:00:00,6876.49,6956.27,6785.52,6887.6,171352839.69
2020-04-12 00:00:00,6887.6,7199.97,6802.16,6913.76,297514761.29
2020-04-13 00:00:00,6913.76,6913.76,6612.34,6859.43,426458894.19
2020-04-14 00:00:00,6859.43,6986.75,6773.97,6879.44,307409556.74
2020-04-15 00:00:00,6879.44,6937.49,6614.79,6629.54,336722796.75
2020-04-16 00:00:00,6629.54,7207.11,6487.08,7114.55,685621725.46
2020-04-17 00:00:00,7114.55,7155.17,7005.79,7037.12,324325510.78
2020-04-18 00:00:00,7037.12,7304.35,7028.43,7264.29,258251102.86
2020-04-19 00:00:00,7264.29,7276.84,7072.33,7132.88,211422409.66
2020-04-20 00:00:00,7132.88,7225.23,6770.07,6842.45,452319848.99
2020-04-21 00:00:00,6842.45,6948.78,6779.51,6855.11,305844254.34
2020-04-22 00:00:00,6855.11,7165.43,6831.44,7135.41,308254465.67
2020-04-23 00:00:00,7135.41,7731.56,7041.2,7489.25,599195847.97
2020-04-24 00:00:00,7489.25,7607.28,7408.35,7509.44,389027134.45
2020-04-25 00:00:00,7509.44,7708.4,7445.98,7546.92,227962632.37
2020-04-26 00:00:00,7546.92,7705.3,7497.88,7701.35,251857766.26
2020-04-27 00:00:00,7701.35,7790.33,7639.98,7787.41,374439201.77
2020-04-28 00:00:00,7787.41,7791.85,7671.26,7760.32,297442241.62
2020-04-29 00:00:00,7760.32,8952.44,7733.02,8784.96,1324299206.24
2020-04-30 00:00:00,8784.96,9460.77,8416.64,8637.56,1439132256.65
2020-05-01 00:00:00,8637.56,9066.47,8631.39,8829.12,620133839.66
2020-05-02 00:00:00,8829.12,9013.29,8768.81,8981.11,321429140.42
2020-05-03 00:00:00,8981.11,9197.48,8735.78,8907.19,534161419.79
2020-05-04 00:00:00,8907.19,8968.9,8537.49,8881.65,568639005.2
2020-05-05 00:00:00,8881.65,9119.13,8781.58,9029.75,538111122.64
2020-05-06 00:00:00,9029.75,9408.99,8924.06,9153.2,818515486.36
2020-05-07 00:00:00,9153.2,10064.33,9042.52,9999.93,1213223439.69
2020-05-08 00:00:00,9999.93,10041.73,9728.64,9808.18,907665361.58
2020-05-09 00:00:00,9808.18,9912.22,9525.77,9541.13,580103588.21
2020-05-10 00:00:00,9541.13,9556.85,8228.22,8735.05,1159765920.88
2020-05-11 00:00:00,8735.05,9164.84,8228.58,8568.88,1259789388.45
2020-05-12 00:00:00,8568.88,8975.74,8541.95,8821.18,580579256.62
2020-05-13 00:00:00,8821.18,9407.67,8807.57,9317.44,622255318.55
2020-05-14 00:00:00,9317.44,9937.97,9263.29,9793.19,936692997.58
2020-05-15 00:00:00,9793.19,9841.71,9149.13,9311.69,798930933.92
2020-05-16 00:00:00,9311.69,9584.9,9224.32,9387.08,348262438.61
2020-05-17 00:00:00,9387.08,9885.55,9334.23,9670.56,505834872.59
2020-05-18 00:00:00,9670.56,9943.74,9476.37,9722.73,606235218.3
2020-05-19 00:00:00,9722.73,9890.69,9471.96,9780.2,587660019.81
2020-05-20 00:00:00,9780.2,9832.94,9323.82,9509.45,593918718.08
2020-05-21 00:00:00,9509.45,9566.81,8811.54,9059.11,798218781.95
2020-05-22 00:00:00,9059.11,9265.04,8936.82,9170.74,405255700.32
2020-05-23 00:00:00,9170.74,9311.34,9101.08,9186.19,217819517.42
2020-05-24 00:00:00,9186.19,9307.11,8707.14,8718.49,412753415.47
2020-05-25 00:00:00,8718.49,8977.43,8639.46,8901.48,386241517.98
2020-05-26 00:00:00,8901.48,9011.53,8705.66,8844.5,352930782.24
2020-05-27 00:00:00,8844.5,9222.3,8820.55,9204.62,381475134.6
2020-05-28 00:00:00,9204.62,9619.34,9112.3,9579.71,530613444.11
2020-05-29 00:00:00,9579.71,9601.43,9344.8,9424.62,379875666.16
2020-05-30 00:00:00,9424.62,9735.73,9340.45,9699.78,235049817.45
2020-05-31 00:00:00,9699.78,9703.51,9400.25,9450.47,212143031.97
2020-06-01 00:00:00,9450.47,10359.02,9421.6,10211.23,435270237.66
2020-06-02 00:00:00,10211.23,10232.25,9344.53,9523.75,812990990.27
2020-06-03 00:00:00,9523.75,9666.25,9408.56,9666.06,316212538.78
2020-06-04 00:00:00,9666.06,9877.89,9470.9,9794.55,418578381.27
2020-06-05 00:00:00,9794.55,9846.54,9611.19,9622.02,406449067.36
2020-06-06 00:00:00,9622.02,9728.4,9536.15,9671.46,221180782.78
2020-06-07 00:00:00,9671.46,9806.21,9410.33,9750.7,374577294.36
2020-06-08 00:00:00,9750.7,9801.19,9658.72,9782.58,318606275.83
2020-06-09 00:00:00,9782.58,9884.83,9604.13,9779.7,376816490.4
2020-06-10 00:00:00,9779.7,9990.4,9708.63,9891.84,395005942.58
2020-06-11 00:00:00,9891.84,9970.77,9093.42,9268.13,827582593.73
2020-06-12 00:00:00,9268.13,9548.13,9238.24,9464.23,384322097.92
2020-06-13 00:00:00,9464.23,9492,9363.89,9474.65,156509665.57
2020-06-14 00:00:00,9474.65,9479.56,9251.02,9333.7,181308843.48
2020-06-15 00:00:00,9333.7,9498.69,8909.5,9429.65,616170633.01
2020-06-16 00:00:00,9429.65,9585.17,9383.33,9526.7,378768702.55
2020-06-17 00:00:00,9526.7,9550.06,9243.06,9459.13,325191529.46
2020-06-18 00:00:00,9459.13,9480.04,9276.18,9380.67,236301644.47
2020-06-19 00:00:00,9380.67,9419.99,9239.58,9301.83,295439171.8
2020-06-20 00:00:00,9301.83,9394.04,9179.1,9359.18,182464228.19
2020-06-21 00:00:00,9359.18,9418.22,9282.53,9292.81,123480945.26
2020-06-22 00:00:00,9292.81,9774.79,9283.26,9691.61,393567343.68
2020-06-23 00:00:00,9691.61,9720.11,9580.47,9624.3,296221140.11
2020-06-24 00:00:00,9624.3,9664.38,9206.05,9292.94,461570781.81
2020-06-25 00:00:00,9292.94,9335.65,9000.53,9241.32,435446758.27
2020-06-26 00:00:00,9241.32,9289.32,9041.42,9158.07,371373315.29
2020-06-27 00:00:00,9158.07,9190.27,8867.34,9007.14,254990739.33
2020-06-28 00:00:00,9007.14,9189.74,8946.05,9120.39,179558602.81
2020-06-29 00:00:00,9120.39,9234.33,9026.42,9187.07,283764928.26
2020-06-30 00:00:00,9187.07,9200.99,9068.77,9136.47,213905502.74
2020-07-01 00:00:00,9136.47,9299.67,9097.33,9238.89,274835041.39
2020-07-02 00:00:00,9238.89,9267.84,8954.67,9092.8,343433369.43
2020-07-03 00:00:00,9092.8,9127.05,9047.38,9066.46,198428092.21
2020-07-04 00:00:00,9066.46,9195.91,9052.4,9142.2,147598290.89
2020-07-05 00:00:00,9142.2,9152.87,8935.9,9081.44,159006413.09
2020-07-06 00:00:00,9081.44,9372.09,9067.64,9347.05,340664721.17
2020-07-07 00:00:00,9347.05,9378.69,9208.31,9257.32,239497399.36
2020-07-08 00:00:00,9257.32,9471.65,9236.9,9439.2,350318105.76
2020-07-09 00:00:00,9439.2,9441.67,9171.37,9238.95,280648694.08
2020-07-10 00:00:00,9238.95,9317.31,9128.71,9288.57,224680670.05
2020-07-11 00:00:00,9288.57,9302.22,9188.13,9237.13,108899834.63
2020-07-12 00:00:00,9237.13,9339.99,9169.13,9300.95,151649367.79
2020-07-13 00:00:00,9300.95,9336.42,9201.18,9237.89,240081841.21
2020-07-14 00:00:00,9237.89,9279.57,9109.7,9256.07,238308476.7
2020-07-15 00:00:00,9256.07,9272.57,9160.89,9193.22,216386874.26
2020-07-16 00:00:00,9193.22,9216.53,9029.17,9133.23,254255550.28
2020-07-17 00:00:00,9133.23,9183.08,9080.61,9156.79,187710134.42
2020-07-18 00:00:00,9156.79,9205.94,9125.92,9177.22,109563331.59
2020-07-19 00:00:00,9177.22,9238.3,9113.41,9216.02,117297958.15
2020-07-20 00:00:00,9216.02,9224.76,9136.9,9164.42,171877002.63
2020-07-21 00:00:00,9164.42,9435.55,9162.25,9392.83,337645738.93
2020-07-22 00:00:00,9392.83,9551.87,9289.85,9537.24,281661129.12
2020-07-23 00:00:00,9537.24,9675.5,9458.25,9615.21,415079930.39
2020-07-24 00:00:00,9615.21,9647.83,9477.19,9550.23,323092524.09
2020-07-25 00:00:00,9550.23,9744.72,9536.76,9708.41,233301043.7
2020-07-26 00:00:00,9708.41,10140.55,9659.08,9942.01,417337407.31
2020-07-27 00:00:00,9942.01,11397.48,9935.51,11042.94,1363674374.42
2020-07-28 00:00:00,11042.94,11253.39,10590.98,10933.26,938667838.04
2020-07-29 00:00:00,10933.26,11348.53,10854.04,11112.04,689206497.21
2020-07-30 00:00:00,11112.04,11182.76,10875.14,11113.66,503563543.58
2020-07-31 00:00:00,11113.66,11454.11,10981.87,11352.72,608151203.91
2020-08-01 00:00:00,11352.72,11874.77,11240.98,11812.42,741252933.72
2020-08-02 00:00:00,11812.42,12106.89,10694.22,11063.5,721639453.44
2020-08-03 00:00:00,11063.5,11476.29,10945.66,11234.73,473995003.36
2020-08-04 00:00:00,11234.73,11415.16,11021.07,11194.18,393301819.23
2020-08-05 00:00:00,11194.18,11791.62,11095.47,11752.05,555395574.17
2020-08-06 00:00:00,11752.05,11909.81,11577.8,11771.27,587033759.68
2020-08-07 00:00:00,11771.27,11912.62,11350.42,11603.82,651142052.53
2020-08-08 00:00:00,11603.82,11811.4,11534.87,11770.77,271582305.12
2020-08-09 00:00:00,11770.77,11802.93,11533.93,11686.34,231830330.42
2020-08-10 00:00:00,11686.34,12074.31,11640.41,11897.41,667803525.71
2020-08-11 00:00:00,11897.41,11940.4,11138.6,11389.01,724227264.93
2020-08-12 00:00:00,11389.01,11621.05,11182.8,11570.19,430758054.54
2020-08-13 00:00:00,11570.19,11795.34,11284.57,11790.68,487564726.98
2020-08-14 00:00:00,11790.68,11863.43,11657.2,11774.52,437825096.08
2020-08-15 00:00:00,11774.52,11981.62,11697.88,11860.91,369258184.57
2020-08-16 00:00:00,11860.91,11934.96,11701.22,11917.97,260716863.02
2020-08-17 00:00:00,11917.97,12474.73,11775.66,12301.19,682170133.05
2020-08-18 00:00:00,12301.19,12397.4,11855.24,11956.69,604246043.52
2020-08-19 00:00:00,11956.69,12021.8,11592.2,11760.37,590122894.96
2020-08-20 00:00:00,11760.37,11888.72,11679.03,11863.43,510502416.84
2020-08-21 00:00:00,11863.43,11882.67,11494.52,11527.35,745059089.73
2020-08-22 00:00:00,11527.35,11686.02,11379.06,11670.42,572197825.57
2020-08-23 00:00:00,11670.42,11713.62,11521.6,11651.52,388308826.36
2020-08-24 00:00:00,11651.52,11827.45,11594.64,11756.4,459366140.6
2020-08-25 00:00:00,11756.4,11767.64,11130.36,11330.56,583786229.48
2020-08-26 00:00:00,11330.56,11542.65,11259.23,11466.89,309986442.65
2020-08-27 00:00:00,11466.89,11591.64,11135.52,11331.02,464957172.93
2020-08-28 00:00:00,11331.02,11553.81,11289.07,11535.21,353027933.9
2020-08-29 00:00:00,11535.21,11585.98,11433.8,11480.48,187746012.8
2020-08-30 00:00:00,11480.48,11718.98,11470.07,11716.54,190649396.2
2020-08-31 00:00:00,11716.54,11775.27,11586.36,11657.81,307926585.75
2020-09-01 00:00:00,11657.81,12062.06,11540.42,11926.69,537292263.85
2020-09-02 00:00:00,11926.69,11954.28,11219.19,11397.9,618129314.2
2020-09-03 00:00:00,11397.9,11469.2,10017.43,10174.62,894736678.62
2020-09-04 00:00:00,10174.62,10638.71,10020.02,10467.33,562742223.01
2020-09-05 00:00:00,10467.33,10570.95,9880.05,10167.97,614402772.13
2020-09-06 00:00:00,10167.97,10361.12,10019.56,10260.37,300644746.65
2020-09-07 00:00:00,10260.37,10411.92,9893.68,10379.08,422137373.09
2020-09-08 00:00:00,10379.08,10443.72,9855.68,10128.54,553186747.41
2020-09-09 00:00:00,10128.54,10349.09,9989.63,10228.85,346738492.44
2020-09-10 00:00:00,10228.85,10493.32,10221.37,10345.68,452098495.16
2020-09-11 00:00:00,10345.68,10412.6,10215.49,10398.5,266084892.24
2020-09-12 00:00:00,10398.5,10486.76,10282.43,10448,184001054.5
2020-09-13 00:00:00,10448,10578.97,10224.4,10332.36,299956975.1
2020-09-14 00:00:00,10332.36,10753.33,10259.62,10678.31,359274837.28
2020-09-15 00:00:00,10678.31,10936.89,10632.26,10786.7,369481767.48
2020-09-16 00:00:00,10786.7,11094.7,10670.02,10957.1,372894154.99
2020-09-17 00:00:00,10957.1,11047.25,10755.99,10945.14,293584349.54
2020-09-18 00:00:00,10945.14,11040.66,10823.93,10937.89,248821618.73
2020-09-19 00:00:00,10937.89,11173.88,10898.63,11083.61,193207449.76
2020-09-20 00:00:00,11083.61,11083.9,10775.23,10921.85,237773866.86
2020-09-21 00:00:00,10921.85,10992.25,10319.73,10418.14,473754186.1
2020-09-22 00:00:00,10418.14,10576.92,10365.99,10534.73,301280976.85
2020-09-23 00:00:00,10534.73,10546.48,10166.62,10238.09,277589382.46
2020-09-24 00:00:00,10238.09,10792.17,10213.75,10742.98,304956298
2020-09-25 00:00:00,10742.98,10762.38,10562.14,10694.12,360929423.35
2020-09-26 00:00:00,10694.12,10822.99,10658.15,10734.23,148097714.06
2020-09-27 00:00:00,10734.23,10810.35,10612.42,10781.47,148127427.26
2020-09-28 00:00:00,10781.47,10951.6,10649.18,10699,350615325.76
2020-09-29 00:00:00,10699,10863.02,10641.03,10841.29,334584439.48
2020-09-30 00:00:00,10841.29,10850.12,10666.17,10779.42,317604086.65
2020-10-01 00:00:00,10779.42,10926.47,10454.66,10622.79,422940486.72
2020-10-02 00:00:00,10622.79,10668.49,10388.07,10576.64,355424408.51
2020-10-03 00:00:00,10576.64,10602.28,10507.49,10552.04,110570157.37
2020-10-04 00:00:00,10552.04,10699.94,10534.5,10675.52,111420779.07
2020-10-05 00:00:00,10675.52,10799.53,10627.77,10795.11,255950434.22
2020-10-06 00:00:00,10795.11,10801.66,10533.32,10603.9,329346366.4
2020-10-07 00:00:00,10603.9,10679.76,10554.41,10672.67,208253472.75
2020-10-08 00:00:00,10672.67,10957.42,10541.2,10929.4,423807796.12
2020-10-09 00:00:00,10929.4,11109.32,10839.3,11058.78,359802403.01
2020-10-10 00:00:00,11058.78,11485.43,11057.98,11301.57,296925751.27
2020-10-11 00:00:00,11301.57,11434.1,11284.09,11375.51,202131016.49
2020-10-12 00:00:00,11375.51,11725.28,11223.99,11539.76,478557074.68
2020-10-13 00:00:00,11539.76,11561.69,11314.56,11427.29,383360256.66
2020-10-14 00:00:00,11427.29,11550.25,11298.88,11429.3,259711904.03
2020-10-15 00:00:00,11429.3,11607.59,11269.05,11508.31,377801262.9
2020-10-16 00:00:00,11508.31,11545.35,11224.89,11326.25,332320579.31
2020-10-17 00:00:00,11326.25,11410.01,11270.69,11367.65,112306061.3
2020-10-18 00:00:00,11367.65,11513.68,11357.25,11513.33,131886570.58
2020-10-19 00:00:00,11513.33,11821.95,11417.11,11756.88,456404609.75
2020-10-20 00:00:00,11756.88,12047.73,11688.39,11921.78,576128149.71
2020-10-21 00:00:00,11921.78,13236.39,11900.51,12813.11,1296152945.69
2020-10-22 00:00:00,12813.11,13197.69,12700.74,12990.25,739591002.3
2020-10-23 00:00:00,12990.25,13031.82,12732.62,12937.2,416662855.54
2020-10-24 00:00:00,12937.2,13167.31,12886.47,13126.13,273005904.67
2020-10-25 00:00:00,13126.13,13346.7,12910.39,13041.21,368884232.62
2020-10-26 00:00:00,13041.21,13241.79,12797.05,13069.43,460984686.3
2020-10-27 00:00:00,13069.43,13783.14,13060.64,13646.02,603406480.39
2020-10-28 00:00:00,13646.02,13855.57,12906.15,13285.97,434942187.78
2020-10-29 00:00:00,13285.97,13643.6,12985.56,13462.18,555737562.11
2020-10-30 00:00:00,13462.18,13674.89,13132.53,13565.95,756044940.71
2020-10-31 00:00:00,13565.95,14077.8,13432.24,13803.41,600104833.89
2020-11-01 00:00:00,13803.41,13897.02,13630.22,13761.72,286724152.06
2020-11-02 00:00:00,13761.72,13828.48,13221.65,13571.24,453096297.52
2020-11-03 00:00:00,13571.24,14071.54,13300.84,14023.78,300271386.78
2020-11-04 00:00:00,14023.78,14258.9,13539.13,14157.73,423118194.37
2020-11-05 00:00:00,14157.73,15739.47,14114.37,15599.92,625288741.44
2020-11-06 00:00:00,15599.92,15948.88,15219.57,15590.62,538014394.46
2020-11-07 00:00:00,15590.62,15765.02,14427.34,14838.16,388303730.2
2020-11-08 00:00:00,14838.16,15653.89,14739.11,15488.25,285202500.11
2020-11-09 00:00:00,15488.25,15812.23,14833.13,15335.03,492570531.42
2020-11-10 00:00:00,15335.03,15476.99,15099.11,15313.73,352628988.82
2020-11-11 00:00:00,15313.73,15983.03,15288.76,15707.08,717920492.19
2020-11-12 00:00:00,15707.08,16348.99,15476.25,16306.53,1074746061.94
2020-11-13 00:00:00,16306.53,16482.62,15975.8,16332.85,694320640.17
2020-11-14 00:00:00,16332.85,16334.29,15720.61,16075.95,452657737.75
2020-11-15 00:00:00,16075.95,16156.82,15796.03,15964.7,286912254.78
2020-11-16 00:00:00,15964.7,16876.48,15877.77,16721.46,685608661.41
2020-11-17 00:00:00,16721.46,17857.37,16563.5,17681.54,1072294334.69
2020-11-18 00:00:00,17681.54,18466.1,17260.91,17786.27,1441862086
2020-11-19 00:00:00,17786.27,18172.87,17365.08,17824.64,859856045.56
2020-11-20 00:00:00,17824.64,18814.87,17764.07,18672.78,939934212.29
2020-11-21 00:00:00,18672.78,18966.12,18359.06,18704.06,705040526.65
2020-11-22 00:00:00,18704.06,18757.55,17635.18,18430.59,796767991.89
2020-11-23 00:00:00,18430.59,18761.66,18010.51,18385.74,902518528.75
2020-11-24 00:00:00,18385.74,19419.49,18117.78,19157.16,1403472685.29
2020-11-25 00:00:00,19157.16,19488.81,18519.89,18725.76,1141495120.46
2020-11-26 00:00:00,18725.76,18907.31,16270.37,17175.86,2220672632.83
2020-11-27 00:00:00,17175.86,17479.12,16462.87,17155,1034426524.1
2020-11-28 00:00:00,17155,17893.95,16895,17739.9,605284901.68
2020-11-29 00:00:00,17739.9,18347.24,17543.55,18199.23,489679989.73
2020-11-30 00:00:00,18199.23,19850.23,18199.03,19686.87,1493787961.07
2020-12-01 00:00:00,19686.87,19911.79,18194.17,18792.03,1743191338.61
2020-12-02 00:00:00,18792.03,19337.16,18350,19226.19,903817773.96
2020-12-03 00:00:00,19226.19,19608.49,18888.12,19448.44,747088833.15
2020-12-04 00:00:00,19448.44,19541.62,18603.79,18665,804366524.28
2020-12-05 00:00:00,18665,19178.4,18514.92,19156.84,388466883.76
2020-12-06 00:00:00,19156.84,19417.33,18885.88,19378.94,405708588.31
2020-12-07 00:00:00,19378.94,19411.51,18909.97,19181.41,477334574.93
2020-12-08 00:00:00,19181.41,19295.38,18227.31,18323.52,866543428.89
2020-12-09 00:00:00,18323.52,18639.24,17669.15,18549.92,1057335071.17
2020-12-10 00:00:00,18549.92,18554.32,17920.56,18250.47,684802762.09
2020-12-11 00:00:00,18250.47,18295.1,17598.13,18034.86,809318887.79
2020-12-12 00:00:00,18034.86,18948.78,18033.05,18814.98,484239535.46
2020-12-13 00:00:00,18814.98,19414.65,18733.67,19169.05,592021817.57
2020-12-14 00:00:00,19169.05,19339.6,19001.22,19274.69,456841099.92
2020-12-15 00:00:00,19274.69,19553.23,19060.06,19441.96,819839290.04
2020-12-16 00:00:00,19441.96,21527.36,19299.86,21352.13,1949841494.52
2020-12-17 00:00:00,21352.13,23698.98,21240.41,22822.17,3194654467.93
2020-12-18 00:00:00,22822.17,23271.54,22345.87,23135.57,1362467582.47
2020-12-19 00:00:00,23135.57,24114.51,22755.03,23844.72,1268054141.3
2020-12-20 00:00:00,23844.72,24252.16,23095.72,23467.06,1014224949.67
2020-12-21 00:00:00,23467.06,24077.7,22015.91,22727.13,1750627321.07
2020-12-22 00:00:00,22727.13,23833.23,22378.26,23823.32,1149767378.59
2020-12-23 00:00:00,23823.32,24082.98,22641.37,23239.5,1552020951.78
2020-12-24 00:00:00,23239.5,23778.56,22716.45,23724.2,923848542.66
2020-12-25 00:00:00,23724.2,24776.64,23417.43,24707.98,1199894883.01
2020-12-26 00:00:00,24707.98,26780.61,24494.27,26445.7,1611547513.19
2020-12-27 00:00:00,26445.7,28340.08,25805.96,26249.27,2463390777.21
2020-12-28 00:00:00,26249.27,27461.63,26085.96,27039.45,1402005893.58
2020-12-29 00:00:00,27039.45,27383.6,25864.25,27360.78,1479551411.61
2020-12-30 00:00:00,27360.78,28990.2,27360.09,28889.61,1993721842.2
2020-12-31 00:00:00,28889.61,29301.67,27957.13,28972.4,1924969475.46
2021-01-01 00:00:00,28972.4,29666.33,28748.21,29388.94,1487306218.52
2021-01-02 00:00:00,29388.94,33257.29,29036.26,32203.64,3750440817.91
2021-01-03 00:00:00,32203.64,34789.34,32010.59,33063.48,3132759314.54
2021-01-04 00:00:00,33063.48,33622.7,28493.29,32030.55,3901979149.92
2021-01-05 00:00:00,32030.55,34487.44,29985.29,34038.29,3037657026.2
2021-01-06 00:00:00,34038.29,36973.76,33404.2,36849.86,3788317475.74
2021-01-07 00:00:00,36849.86,40365.87,36340.01,39479.41,4753170180.55
2021-01-08 00:00:00,39479.41,41964.96,36640.51,40636.24,4705592327.36
2021-01-09 00:00:00,40636.24,41400.48,38783.61,40236.66,2241901362.12
2021-01-10 00:00:00,40236.66,41427.88,35283.65,38202.08,3983391028.78
2021-01-11 00:00:00,38202.08,38266.42,30308.4,35496.03,8100819368.26
2021-01-12 00:00:00,35496.03,36620.28,32522.98,34058.4,3999535589.05
2021-01-13 00:00:00,34058.4,37809.67,32405.89,37380.85,3198683391.78
2021-01-14 00:00:00,37380.85,40093.43,36751.89,39155.58,2895085049.06
2021-01-15 00:00:00,39155.58,39695.43,34396.19,36790.17,3288447634.87
2021-01-16 00:00:00,36790.17,37942.44,35395.88,36025.26,1995053500.31
2021-01-17 00:00:00,36025.26,36860.67,33854.83,35839.51,1806688237.48
2021-01-18 00:00:00,35839.51,37429.24,34784.4,36623.04,1554686784.02
2021-01-19 00:00:00,36623.04,37867.53,35917.28,35932.79,1787957383.29
2021-01-20 00:00:00,35932.79,36409.96,33519.59,35501.38,2316775667.92
2021-01-21 00:00:00,35501.38,35619.6,30067.14,30840.3,4042427455.09
2021-01-22 00:00:00,30840.3,33857.39,28817.3,33008.02,3418228006.19
2021-01-23 00:00:00,33008.02,33484.73,31430.15,32107.29,1287618530.17
2021-01-24 00:00:00,32107.29,33090.99,30957.56,32283.66,1079875602.62
2021-01-25 00:00:00,32283.66,34881.18,31937.09,32275.27,1989618039.07
2021-01-26 00:00:00,32275.27,32943.69,30853.17,32516.52,1909630282.43
2021-01-27 00:00:00,32516.52,32580.05,29236.73,30423.05,3149650799.32
2021-01-28 00:00:00,30423.05,33880.92,29905.53,33443.87,2463162479.45
2021-01-29 00:00:00,33443.87,38631.5,31996.08,34252.08,6015929349.68
2021-01-30 00:00:00,34252.08,34906.15,32858,34317.82,1574213551.44
2021-01-31 00:00:00,34317.82,34381.7,32214.08,33143.22,1176981986.93
2021-02-01 00:00:00,33143.22,34714.34,32340.24,33535.94,1623291067.04
2021-02-02 00:00:00,33535.94,36004.47,33459.48,35524.43,1789698965.07
2021-02-03 00:00:00,35524.43,37704.8,35413.72,37677.34,2340630205.42
2021-02-04 00:00:00,37677.34,38741.89,36199.19,36983.42,2767003411.51
2021-02-05 00:00:00,36983.42,38343.92,36626.5,38310.24,1705038314
2021-02-06 00:00:00,38310.24,40989.11,38247.96,39267.01,2642530408.41
2021-02-07 00:00:00,39267.01,39721.59,37408.16,38868.82,2076904733.5
2021-02-08 00:00:00,38868.82,46606.82,38063.87,46437.41,5944522159.67
2021-02-09 00:00:00,46437.41,48209.59,45051.46,46509.57,4610214635.38
2021-02-10 00:00:00,46509.57,47349.86,43743.99,44854.95,3326890835.4
2021-02-11 00:00:00,44854.95,48664.81,44032.66,48006.18,3377367971.59
2021-02-12 00:00:00,48006.18,48930.99,46243.85,47435.54,2831634659.58
2021-02-13 00:00:00,47435.54,48171.46,46291.19,47222.32,1571324550.44
2021-02-14 00:00:00,47222.32,49642.39,47096.92,48652.87,1841963034.08
2021-02-15 00:00:00,48652.87,49031.74,45910,47936.51,2502097939.18
2021-02-16 00:00:00,47936.51,50561.53,47068.63,49184.63,3237085085.6
2021-02-17 00:00:00,49184.63,52622.68,48967.72,52154.91,3423930178.2
2021-02-18 00:00:00,52154.91,52550.6,50874.81,51591.61,2205232619.94
2021-02-19 00:00:00,51591.61,56331.09,50766.83,55933.47,3893034056.64
2021-02-20 00:00:00,55933.47,57528.16,54140.61,55900.84,2974872569.57
2021-02-21 00:00:00,55900.84,58348.75,55516.07,57469.95,1934005633.01
2021-02-22 00:00:00,57469.95,57540.74,48194.31,54121.17,6995162441.1
2021-02-23 00:00:00,54121.17,54164.35,44983.39,48898.7,8016450648.12
2021-02-24 00:00:00,48898.7,51399.55,47015.55,49738.17,3729774704.65
2021-02-25 00:00:00,49738.17,52086.34,46728.88,47082.87,3643008748.86
2021-02-26 00:00:00,47082.87,48438.38,44153.46,46324.5,4204800171.81
2021-02-27 00:00:00,46324.5,48362.8,45063.84,46191.39,1831237567.32
2021-02-28 00:00:00,46191.39,46645.9,43061.92,45261.03,2776726256.13
2021-03-01 00:00:00,45261.03,49812.2,45058.98,49635.07,3146266419.71
2021-03-02 00:00:00,49635.07,50221.14,47097.84,48501.21,2105387914.68
2021-03-03 00:00:00,48501.21,52625.39,48176.64,50392.55,2615513552.66
2021-03-04 00:00:00,50392.55,51792.65,47516.91,48363.74,3024053725.58
2021-03-05 00:00:00,48363.74,49467.19,46311.43,48775.37,2907395734.68
2021-03-06 00:00:00,48775.37,49185.32,47099.07,48892.8,1214194643.85
2021-03-07 00:00:00,48892.8,51455.54,48892.8,50964.18,1658558074.88
2021-03-08 00:00:00,50964.18,52408.08,49341.09,52405.02,2445827949.75
2021-03-09 00:00:00,52405.02,54933.93,51888.98,54928.7,2898199576.25
2021-03-10 00:00:00,54928.7,57396.59,53054.34,55893.31,3898251700.72
2021-03-11 00:00:00,55893.31,58142.77,54314.65,57809.41,3340389094.49
2021-03-12 00:00:00,57809.41,58069.58,55089.68,57256.22,3079097934.08
2021-03-13 00:00:00,57256.22,61749.15,56103.32,61179.79,3439594034.95
2021-03-14 00:00:00,61179.79,61674.66,58980.95,58998.89,2105197604.06
2021-03-15 00:00:00,58998.89,60589.17,54857.68,55665.01,4297382088.92
2021-03-16 00:00:00,55665.01,56936.04,53269.13,56925.01,3441195999.4
2021-03-17 00:00:00,56925.01,58975.28,54156.11,58909,3493543493.16
2021-03-18 00:00:00,58909,60077.79,57022.2,57643.32,3178687259.25
2021-03-19 00:00:00,57643.32,59453.32,56283.37,58060.21,2397999967.37
2021-03-20 00:00:00,58060.21,59911.7,57837.79,58101.34,1687922804.56
2021-03-21 00:00:00,58101.34,58621.34,55635.61,57374.95,1958214099.07
2021-03-22 00:00:00,57374.95,58431.44,53795.78,54095.36,2865346861.49
2021-03-23 00:00:00,54095.36,55836.27,52984.36,54355.45,2444787014.61
2021-03-24 00:00:00,54355.45,57202.53,51685.15,52303.02,3420695083.54
2021-03-25 00:00:00,52303.02,53199.52,50406.31,51336.09,3617760373.16
2021-03-26 00:00:00,51336.09,55083.9,51275.54,55055.43,2461374478.26
2021-03-27 00:00:00,55055.43,56606.78,53991,55863.73,1514783182.02
2021-03-28 00:00:00,55863.73,56561.55,54717.97,55781.01,1345583216.95
2021-03-29 00:00:00,55781.01,58413.9,54910.57,57626.1,2950020309.68
2021-03-30 00:00:00,57626.1,59402.27,57055.21,58781.54,2064647135.86
2021-03-31 00:00:00,58781.54,59818.5,56918.81,58793.8,2727194335.71
2021-04-01 00:00:00,58793.8,59469.45,57949.11,58730.82,1648724834.05
2021-04-02 00:00:00,58730.82,60061.51,58458.46,58987.8,1765524921.41
2021-04-03 00:00:00,58987.8,59770.87,56958.04,57074.97,1470430519.81
2021-04-04 00:00:00,57074.97,58493.73,56493.38,58219.43,1093079652.2
2021-04-05 00:00:00,58219.43,59235.68,56833.44,59119.56,1439529332.47
2021-04-06 00:00:00,59119.56,59464.31,57369.44,58010.35,1535666142.46
2021-04-07 00:00:00,58010.35,58628.19,55467.58,55951.98,2855410824.81
2021-04-08 00:00:00,55951.98,58150.23,55711.07,58084.46,1458096433.7
2021-04-09 00:00:00,58084.46,58881.94,57694.22,58106.85,1241735091.75
2021-04-10 00:00:00,58106.85,61193.5,57885.43,59784.8,2322058695.22
2021-04-11 00:00:00,59784.8,60673.37,59218.25,59980.45,1218894531.01
2021-04-12 00:00:00,59980.45,61233.29,59421.37,59845.76,1913098388.79
2021-04-13 00:00:00,59845.76,63682.32,59811.31,63558.48,3299086696.94
2021-04-14 00:00:00,63558.48,64859.81,61312.98,62964.27,4066819695.96
2021-04-15 00:00:00,62964.27,63826.89,62038.33,63233.03,2146219571.03
2021-04-16 00:00:00,63233.03,63567.11,60048.13,61416.41,3544777400.64
2021-04-17 00:00:00,61416.41,62541.21,59712.92,60056.07,2093039585.66
2021-04-18 00:00:00,60056.07,60393.33,52785.1,56246.82,6264051811.58
2021-04-19 00:00:00,56246.82,57590.64,54291.08,55680.11,2732647682.18
2021-04-20 00:00:00,55680.11,57101.05,53429.73,56496.06,3091319805.6
2021-04-21 00:00:00,56496.06,56801.94,53640.81,53803.25,2312255459.33
2021-04-22 00:00:00,53803.25,55458.61,50519.78,51717.61,4488994737.96
2021-04-23 00:00:00,51717.61,52112.75,47495.24,51178.03,5241192198.03
2021-04-24 00:00:00,51178.03,51223.86,48769.48,50115.99,1695108976.06
2021-04-25 00:00:00,50115.99,50576.4,47073.07,49120.97,2176241676.28
2021-04-26 00:00:00,49120.97,54389.71,48843.41,54062.29,3254396664.97
2021-04-27 00:00:00,54062.29,55490.94,53357.59,55073.48,2220077233.11
2021-04-28 00:00:00,55073.48,56461.55,53886.63,54877.94,2339383717.48
2021-04-29 00:00:00,54877.94,55217.24,52399.42,53581.58,2359198137.55
2021-04-30 00:00:00,53581.58,57984.34,53089.93,57757.97,2719315702.2
2021-05-01 00:00:00,57757.97,58498.65,57057.4,57843.16,1511783659.93
2021-05-02 00:00:00,57843.16,57934.82,56092.72,56623.51,1230710822.31
2021-05-03 00:00:00,56623.51,58963.84,56531.6,57195.07,2371465902.34
2021-05-04 00:00:00,57195.07,57226.81,53108.04,53244.07,3556756117.3
2021-05-05 00:00:00,53244.07,57944.11,52978.89,57506.88,3200062630.96
2021-05-06 00:00:00,57506.88,58392.76,55299.4,56441.94,2878647496.02
2021-05-07 00:00:00,56441.94,58695.29,55311.16,57374.33,2439662460.45
2021-05-08 00:00:00,57374.33,59521.69,56985.44,58943.13,2211507566.18
2021-05-09 00:00:00,58943.13,59276.99,56350.98,58294.18,2645394205.33
2021-05-10 00:00:00,58294.18,59587.03,54239.16,55870.01,4067497161.41
2021-05-11 00:00:00,55870.01,56928.37,54490.38,56747.52,2395231325.24
2021-05-12 00:00:00,56747.52,58005.44,49182.89,49504.08,4035173480.67
2021-05-13 00:00:00,49504.08,51377.99,47029.73,49700.6,5919941739.84
2021-05-14 00:00:00,49700.6,51554.66,48910.06,49887.96,2156016499.66
2021-05-15 00:00:00,49887.96,50710.05,46606.18,46775.29,2591003797.63
2021-05-16 00:00:00,46775.29,49808.83,43918.69,46490.71,3693969204.75
2021-05-17 00:00:00,46490.71,46665.19,42130.83,43552.14,5896147491.21
2021-05-18 00:00:00,43552.14,45819.36,42309.39,42886.02,3159184422.64
2021-05-19 00:00:00,42886.02,43564.34,29925.2,36771.87,11120220854.77
2021-05-20 00:00:00,36771.87,42520.03,35009.25,40597.4,5531454912.79
2021-05-21 00:00:00,40597.4,42252.07,33552.8,37350.39,4573692788.95
2021-05-22 00:00:00,37350.39,38841.92,35287.71,37491.5,2808008188.27
2021-05-23 00:00:00,37491.5,38304.55,31157.18,34716.84,4494413873.1
2021-05-24 00:00:00,34716.84,39945.35,34467.32,38837.76,3981461441.04
2021-05-25 00:00:00,38837.76,39842.9,36509.09,38387.36,2529569055.97
2021-05-26 00:00:00,38387.36,40854.81,37855.81,39295.08,2607759779.42
2021-05-27 00:00:00,39295.08,40408.95,37211.84,38538.84,1804036815.09
2021-05-28 00:00:00,38538.84,38879.6,34733.76,35680.92,3104364367.82
2021-05-29 00:00:00,35680.92,37307.1,33666.06,34611.58,2127790128.94
2021-05-30 00:00:00,34611.58,36481.62,33400.65,35662.59,1325408340.1
2021-05-31 00:00:00,35662.59,37512.8,34202.86,37290.83,1821662523.97
2021-06-01 00:00:00,37290.83,37910.19,35733.52,36683.51,1626268789.21
2021-06-02 00:00:00,36683.51,38225.18,35935.34,37576.98,1494571249.19
2021-06-03 00:00:00,37576.98,39482.46,37199.92,39229.66,1586641442.02
2021-06-04 00:00:00,39229.66,39273.49,35617.03,36861.5,1837944242.33
2021-06-05 00:00:00,36861.5,37911.76,34846.16,35538.4,1444088532.56
2021-06-06 00:00:00,35538.4,36453.81,35264.34,35798.57,986275148.28
2021-06-07 00:00:00,35798.57,36790.39,33367.12,33582.86,1850311020.63
2021-06-08 00:00:00,33582.86,34061.09,31034.35,33409.38,2890313261.68
2021-06-09 00:00:00,33409.38,37528.42,32435.18,37391.58,3249553573.38
2021-06-10 00:00:00,37391.58,38387.2,35821.05,36680.78,2338112083.52
2021-06-11 00:00:00,36680.78,37665.85,35981.84,37339.98,1596038876.7
2021-06-12 00:00:00,37339.98,37445.32,34655.21,35541.78,1450138289.51
2021-06-13 00:00:00,35541.78,39374.68,34802.24,39017.37,1727291768.5
2021-06-14 00:00:00,39017.37,41025.42,38755.79,40526.63,2740589573.6
2021-06-15 00:00:00,40526.63,41307.06,39526.69,40161.86,1943860792.12
2021-06-16 00:00:00,40161.86,40487.98,38122.04,38345.41,1883613058.48
2021-06-17 00:00:00,38345.41,39537.42,37386.57,38082.3,1599770630.8
2021-06-18 00:00:00,38082.3,38201.23,35158.89,35830.29,2207651943.63
2021-06-19 00:00:00,35830.29,36443.26,34863.17,35515.38,1601193146.33
2021-06-20 00:00:00,35515.38,36139.95,33377.82,35602.26,1964614466.35
2021-06-21 00:00:00,35602.26,35760.61,31284.7,31652.62,3650731161.39
2021-06-22 00:00:00,31652.62,33312.87,28908.07,32537.58,4060734244.07
2021-06-23 00:00:00,32537.58,34831.93,31790.02,33678.64,2037061709.14
2021-06-24 00:00:00,33678.64,35267.23,32340.83,34649.84,1311147481.02
2021-06-25 00:00:00,34649.84,35494.5,31290.25,31593.86,3027434524.39
2021-06-26 00:00:00,31593.86,32680.58,30190.9,32307.35,1826363014.48
2021-06-27 00:00:00,32307.35,34754.5,32031.15,34713.81,2002954688.79
2021-06-28 00:00:00,34713.81,35292.57,33890.86,34487.11,1424168416.33
2021-06-29 00:00:00,34487.11,36624.75,34243.82,35901.41,1578253520.29
2021-06-30 00:00:00,35901.41,36090.37,34062.04,35056.39,1388243727.19
2021-07-01 00:00:00,35056.39,35065.41,32757.33,33543.11,1238732543.23
2021-07-02 00:00:00,33543.11,33968.47,32715.18,33804.54,1102040372.36
2021-07-03 00:00:00,33804.54,34944.91,33333.05,34682.84,595117204.83
2021-07-04 00:00:00,34682.84,35945.36,34390.95,35287.97,563891553.21
2021-07-05 00:00:00,35287.97,35290.8,33151.51,33702.79,1072690410.4
2021-07-06 00:00:00,33702.79,35096.65,33558.75,34237.66,1123145329.6
2021-07-07 00:00:00,34237.66,35066.82,33807.42,33880.79,752074468.65
2021-07-08 00:00:00,33880.79,33934.31,32108.68,32874.01,1573967671.27
2021-07-09 00:00:00,32874.01,34076.49,32274.31,33804.2,853165387.13
2021-07-10 00:00:00,33804.2,34253.5,33030.16,33515.13,651899496.99
2021-07-11 00:00:00,33515.13,34595.69,33335.4,34249.3,533337900.01
2021-07-12 00:00:00,34249.3,34658.46,32660.38,33088.51,1039311244.06
2021-07-13 00:00:00,33088.51,33335.54,32206.14,32737.47,837278173.94
2021-07-14 00:00:00,32737.47,33099.2,31601.99,32820.5,883070516.73
2021-07-15 00:00:00,32820.5,33188.54,31133.75,31867.46,1073939852.55
2021-07-16 00:00:00,31867.46,32256.94,31046.14,31401.76,812765644.4
2021-07-17 00:00:00,31401.76,31966.25,31194.16,31546.64,881285396.92
2021-07-18 00:00:00,31546.64,32446.17,31131.67,31806.3,796652696.45
2021-07-19 00:00:00,31806.3,31907.17,30487.11,30847.55,1179342118.61
2021-07-20 00:00:00,30847.55,31063.88,29320.09,29795.55,1291958152.32
2021-07-21 00:00:00,29795.55,32814.13,29513.88,32139.48,1538668590.41
2021-07-22 00:00:00,32139.48,32604.4,31738.48,32299.47,785311959.3
2021-07-23 00:00:00,32299.47,33637.93,32012.62,33637.92,765209760.41
2021-07-24 00:00:00,33637.92,34519.75,33429.09,34282.56,686017155.75
2021-07-25 00:00:00,34282.56,35382.63,33892.36,35369.93,781929775.48
2021-07-26 00:00:00,35369.93,40553.85,35270.24,37269.52,3840983132.28
2021-07-27 00:00:00,37269.52,39535.5,36422.45,39496.69,2197490232.78
2021-07-28 00:00:00,39496.69,40906.09,38809.89,40030.01,2662886395.8
2021-07-29 00:00:00,40030.01,40633.62,39281.83,40030.52,1257968294.92
2021-07-30 00:00:00,40030.52,42301.76,38346.18,42231.83,1698014609.78
2021-07-31 00:00:00,42231.83,42373.59,41065.61,41474.72,1056705603.97
2021-08-01 00:00:00,41474.72,42584.65,39471.54,39870.76,1385907257.88
2021-08-02 00:00:00,39870.76,40446.6,38698.01,39158.53,1308894644.03
2021-08-03 00:00:00,39158.53,39779.45,37679.22,38189.3,1466921591.54
2021-08-04 00:00:00,38189.3,39961.11,37526.24,39738.56,1318983897.48
2021-08-05 00:00:00,39738.56,41409.14,37330.04,40888.18,2357831521.97
2021-08-06 00:00:00,40888.18,43363.62,39895.05,42852.18,2009167763.65
2021-08-07 00:00:00,42852.18,44731.51,42473.57,44617.96,2199730007.61
2021-08-08 00:00:00,44617.96,45310.33,43300.59,43827.75,1745878741.47
2021-08-09 00:00:00,43827.75,46476.01,42818.07,46292.61,2219734084.88
2021-08-10 00:00:00,46292.61,46707.56,44663.2,45601.03,1609844198.85
2021-08-11 00:00:00,45601.03,46763.89,45360.51,45556.69,1421598811.69
2021-08-12 00:00:00,45556.69,46214.21,43786.4,44425.52,1588850342.27
2021-08-13 00:00:00,44425.52,47890.79,44260.38,47832.93,1595718853.28
2021-08-14 00:00:00,47832.93,48136.25,46049.28,47102.03,1120499538.82
2021-08-15 00:00:00,47102.03,47390.93,45595.22,47015.94,836663894.85
2021-08-16 00:00:00,47015.94,48064.42,45681.1,45927.4,1332377363.69
2021-08-17 00:00:00,45927.4,47100.97,44438.79,44684.43,1700658063.3
2021-08-18 00:00:00,44684.43,46024.97,44240.9,44714.54,1377529230.43
2021-08-19 00:00:00,44714.54,47044.06,43982.21,46761.49,1511027965.43
2021-08-20 00:00:00,46761.49,49377.5,46652,49336.45,1742574002.38
2021-08-21 00:00:00,49336.45,49809.82,48330.03,48867.87,1125508731.91
2021-08-22 00:00:00,48867.87,49512.19,48119.98,49289.71,822323898.98
2021-08-23 00:00:00,49289.71,50513.83,49048.25,49521.06,1515250474.77
2021-08-24 00:00:00,49521.06,49859.97,47580.66,47690.54,1399185980.56
2021-08-25 00:00:00,47690.54,49257.74,47135.07,48996.44,1208134772.96
2021-08-26 00:00:00,48996.44,49358.2,46456.68,46852.22,1618461768.41
2021-08-27 00:00:00,46852.22,49166.31,46376.81,49088.1,1331637984.84
2021-08-28 00:00:00,49088.1,49306.47,48386.9,48918.9,626553869.3
2021-08-29 00:00:00,48918.9,49653.49,47841.49,48794.26,924625515.76
2021-08-30 00:00:00,48794.26,48878.11,46872.47,46993.31,1392617744.31
2021-08-31 00:00:00,46993.31,48252.74,46713.72,47159.26,1418199668.83
2021-09-01 00:00:00,47159.26,49062.05,46544.74,48840.01,1520961266.36
2021-09-02 00:00:00,48840.01,50374.89,48632.7,49280.77,1615790894.94
2021-09-03 00:00:00,49280.77,51056.15,48362.56,50019.51,1926045807.12
2021-09-04 00:00:00,50019.51,50549.35,49501.12,49935.29,839888927.54
2021-09-05 00:00:00,49935.29,51890.18,49499.28,51784.16,1084416553.08
2021-09-06 00:00:00,51784.16,52766.16,51035.68,52693.32,1328373298
2021-09-07 00:00:00,52693.32,52919.24,43904.42,46856.31,4055873734.71
2021-09-08 00:00:00,46856.31,47362.35,44475.76,46073.45,2105187289.07
2021-09-09 00:00:00,46073.45,47335.29,45572.3,46392.85,1499767099.51
2021-09-10 00:00:00,46392.85,47026.67,44198.27,44853.1,1631276774.64
2021-09-11 00:00:00,44853.1,45987.63,44741.98,45166.12,662298068.85
2021-09-12 00:00:00,45166.12,46403.5,44765.82,46049.72,747181260.09
2021-09-13 00:00:00,46049.72,46821.84,43511.3,44958.56,1909473369.72
2021-09-14 00:00:00,44958.56,47263.56,44776.37,47129.01,1237183544.6
2021-09-15 00:00:00,47129.01,48457.3,46725.15,48148.45,1282942628.56
2021-09-16 00:00:00,48148.45,48498.51,47050.55,47764.47,1229076140.65
2021-09-17 00:00:00,47764.47,48172.36,46770.31,47297.98,899242093.44
2021-09-18 00:00:00,47297.98,48808,47066.47,48312.46,761079785.11
2021-09-19 00:00:00,48312.46,48376.3,46864.5,47251.76,668723282.36
2021-09-20 00:00:00,47251.76,47340.49,42552.63,42925.46,2849781014.82
2021-09-21 00:00:00,42925.46,43625.93,39767.17,40709.59,2972565920.07
2021-09-22 00:00:00,40709.59,44012.22,40589.07,43576.15,1807576533.35
2021-09-23 00:00:00,43576.15,44994.17,43108.42,44893.87,1522818255.74
2021-09-24 00:00:00,44893.87,45143.18,40807.2,42848.41,2565373998.35
2021-09-25 00:00:00,42848.41,42992.94,41710.08,42721.91,767641976.96
2021-09-26 00:00:00,42721.91,43928.49,40825.4,43201.79,1187820024.18
2021-09-27 00:00:00,43201.79,44360.41,42139.24,42187.51,1140232492.25
2021-09-28 00:00:00,42187.51,42781.24,40924.13,41056.79,1335757058.57
2021-09-29 00:00:00,41056.79,42603.18,40790.67,41539.43,1100252801.68
2021-09-30 00:00:00,41539.43,44106.6,41436.79,43829.34,1469981944.79
2021-10-01 00:00:00,43829.34,48470.13,43304.82,48164.35,2498575570.28
2021-10-02 00:00:00,48164.35,48347.69,47468.49,47669.02,769022184.37
2021-10-03 00:00:00,47669.02,49185.34,47137.07,48234.05,895606844.23
2021-10-04 00:00:00,48234.05,49501.21,46944.28,49276.91,1664027525.19
2021-10-05 00:00:00,49276.91,51885.03,49087.72,51504.27,2049372160.16
2021-10-06 00:00:00,51504.27,55656.67,50439.32,55345.85,3444996109.53
2021-10-07 00:00:00,55343.24,55359.77,53391.93,53797.21,1836529821.85
2021-10-08 00:00:00,53796.22,56047.91,53666.09,53949.29,1592265868.06
2021-10-09 00:00:00,53949.29,55485.2,53696.32,54968.04,799607238.61
2021-10-10 00:00:00,54968.04,56473.63,54131.52,54700.24,1276001425.96
2021-10-11 00:00:00,54700.24,57825.98,54448.68,57498.8,1805863526.52
2021-10-12 00:00:00,57498.8,57646.93,54098.22,56010.9,1913353762.18
2021-10-13 00:00:00,56010.9,57768.98,54279.61,57369,1906230334
2021-10-14 00:00:00,57369,58514.76,56854.38,57359.21,1617497364.76
2021-10-15 00:00:00,57359.21,62889.98,56885.66,61684.96,3737889743.83
2021-10-16 00:00:00,61684.96,62341.46,60153.79,60877.77,1404879137.37
2021-10-17 00:00:00,60877.77,61698.1,59050.3,61520.54,1414498881.98
2021-10-18 00:00:00,61520.54,62662.72,59925.93,62038.16,3113486441.7
2021-10-19 00:00:00,62038.16,64468.7,61410.11,64283.97,2706420467.09
2021-10-20 00:00:00,64283.97,66980.66,63543.7,66021.02,2978059285.56
2021-10-21 00:00:00,66021.02,66645.73,62076.16,62283.96,3962470063.85
2021-10-22 00:00:00,62283.96,63731.17,60017.23,60693.59,2504718475.2
2021-10-23 00:00:00,60693.59,61733.43,59705.11,61313.09,990360071.85
2021-10-24 00:00:00,61313.09,61481.25,59529.34,60863.56,1158838824.68
2021-10-25 00:00:00,60863.56,63709.97,60658.35,63089.04,1549308691.98
2021-10-26 00:00:00,63089.04,63290.04,59868.68,60315.68,1738003094.57
2021-10-27 00:00:00,60315.68,61473,58128.18,58464.42,2719093218.08
2021-10-28 00:00:00,58464.42,62252.08,58145.43,60610.11,3090102767.38
2021-10-29 00:00:00,60610.11,62967.45,60269.97,62282.5,2168021242.77
2021-10-30 00:00:00,62282.5,62371.52,60774.38,61891.91,979987095.61
2021-10-31 00:00:00,61891.91,62420.57,60022.06,61349.75,1181933822.61
2021-11-01 00:00:00,61349.75,62482.31,59554.88,60960.98,1955088666.05
2021-11-02 00:00:00,60960.98,64283.57,60677.48,63260.05,2260756044.28
2021-11-03 00:00:00,63260.05,63553.52,61057.89,62929.93,1852233940.61
2021-11-04 00:00:00,62929.93,63102.86,60745.84,61448.47,1420765190.91
2021-11-05 00:00:00,61448.47,62621.97,60789.16,61019.66,1262030165.48
2021-11-06 00:00:00,61019.66,61594.16,60130.85,61529.76,939530051.87
2021-11-07 00:00:00,61529.76,63309.57,61406.56,63302.78,929571983.79
2021-11-08 00:00:00,63302.78,67755.46,63302.78,67549.14,2614939972.01
2021-11-09 00:00:00,67549.14,68514.26,66312.42,66939.24,2209551778.82
2021-11-10 00:00:00,66939.24,68978.64,63196.25,64926.06,3365466815.36
2021-11-11 00:00:00,64926.06,65585.68,64130.37,64820.8,1393819061.45
2021-11-12 00:00:00,64820.8,65466,62315.02,64156.3,2090846686
2021-11-13 00:00:00,64156.3,64967.34,63406.98,64409.56,815997863.99
2021-11-14 00:00:00,64409.56,65509.06,63616.33,65509.06,947303706.23
2021-11-15 00:00:00,65509.06,66335.42,63442.58,63614.06,1639253320.63
2021-11-16 00:00:00,63614.06,63614.53,58745.71,60108.9,3740808475.72
2021-11-17 00:00:00,60108.9,60837.09,58566.05,60365.6,2582737930.61
2021-11-18 00:00:00,60365.6,60964.37,56535.61,56930.68,3718546724.95
2021-11-19 00:00:00,56930.68,58403.92,55655.03,58136.22,2107344590.7
2021-11-20 00:00:00,58136.22,59901.9,57450.63,59769.66,985075173.7
2021-11-21 00:00:00,59769.66,60058.65,58575.6,58700.83,888045056.17
2021-11-22 00:00:00,58700.83,59391.98,55673.01,56303.06,2371226089.18
2021-11-23 00:00:00,56303.06,57873.77,55485.59,57566.6,2153848949.04
2021-11-24 00:00:00,57566.6,57740.34,55899.88,57175.09,1630017073.7
2021-11-25 00:00:00,57175.09,59437.04,57056.64,58966.99,1412787308.46
2021-11-26 00:00:00,58966.99,59201.95,53575.54,53788.22,3312563227.95
2021-11-27 00:00:00,53788.22,55316.65,53668.95,54805.03,1010585542.47
2021-11-28 00:00:00,54805.03,57475.26,53436.05,57331.41,1186994646.57
2021-11-29 00:00:00,57331.41,58898.57,56752.37,57839.55,1690005715.85
2021-11-30 00:00:00,57839.55,59226.33,55931.33,56975.35,2383744473.31
2021-12-01 00:00:00,56975.35,59096.53,56505.99,57227.97,2072824070.98
2021-12-02 00:00:00,57227.97,57409.48,55850.4,56522.76,1712170975.38
2021-12-03 00:00:00,56522.76,57639.15,52493.23,53663.25,2461497753.56
2021-12-04 00:00:00,53663.25,53871.2,43563.07,49243.39,4315348557.56
2021-12-05 00:00:00,49243.39,49764.31,47840.63,49465.5,2074283149.33
2021-12-06 00:00:00,49465.5,50986.02,47260.2,50552.83,2437856119.9
2021-12-07 00:00:00,50552.83,51953.27,50083.33,50633.01,1496164576.66
2021-12-08 00:00:00,50633.01,51215.6,48711.85,50513.04,1290175070.3
2021-12-09 00:00:00,50513.04,50829.41,47347.73,47593.85,1681556175.72
2021-12-10 00:00:00,47593.85,50047.85,46989.42,47191.14,1905617871.17
2021-12-11 00:00:00,47191.14,49504.07,46829.85,49398.4,1181186604.23
2021-12-12 00:00:00,49398.4,50807.75,48689.25,50109.99,1072562349.4
2021-12-13 00:00:00,50109.99,50215.42,45800.52,46731.03,2353893179.4
2021-12-14 00:00:00,46731.03,48665.63,46320.4,48387.69,1646492085.28
2021-12-15 00:00:00,48387.69,49499.91,46562.1,48885.05,2132679583.02
2021-12-16 00:00:00,48885.05,49451.4,47546.15,47635.92,1271265804.99
2021-12-17 00:00:00,47635.92,48004.37,45505.02,46164.14,1756062773.63
2021-12-18 00:00:00,46164.14,47356.67,45522.92,46861.62,874187163.05
2021-12-19 00:00:00,46861.62,48286.29,46459.66,46697.13,1035963939.83
2021-12-20 00:00:00,46697.13,47495.72,45586.49,46913.54,1517599333.73
2021-12-21 00:00:00,46913.54,49334.04,46661.88,48917.48,1546447524.57
2021-12-22 00:00:00,48917.48,49581.41,48460.43,48614.97,1028434929.44
2021-12-23 00:00:00,48614.97,51382.88,48062.25,50830.2,1525047125.27
2021-12-24 00:00:00,50830.2,51863.56,50449.36,50840.36,1107244995.18
2021-12-25 00:00:00,50840.36,51158.56,50199.56,50431.63,585818997.15
2021-12-26 00:00:00,50431.63,51283.7,49485.62,50790.88,736617761.86
2021-12-27 00:00:00,50790.88,52079.46,50481.26,50714.73,1120188136.96
2021-12-28 00:00:00,50714.73,50718.53,47317.78,47536.39,1985905082.17
2021-12-29 00:00:00,47536.39,48145.34,46107.79,46471.7,1599557104.64
2021-12-30 00:00:00,46471.7,47917.89,45964.28,47129.66,1852206857.29
2021-12-31 00:00:00,47129.66,48573.22,45665.44,46197.31,1636014399.31
2022-01-01 00:00:00,46197.31,47950.29,46196.03,47737.35,786729972.03
2022-01-02 00:00:00,47737.35,47979.26,46666.18,47306.41,615453426.93
2022-01-03 00:00:00,47306.41,47572.23,45707.55,46450.79,1011309525.84
2022-01-04 00:00:00,46450.79,47529.48,45587.91,45824.54,1349229422.84
2022-01-05 00:00:00,45824.54,47067.18,42510.86,43432.51,2152187256.39
2022-01-06 00:00:00,43432.51,43779.23,42468.76,43094.54,1585314774.47
2022-01-07 00:00:00,43094.54,43138.79,40750.42,41543.79,2146452950.19
2022-01-08 00:00:00,41543.79,42306.77,40534.37,41686.67,1143171232.86
2022-01-09 00:00:00,41686.67,42800.66,41237.13,41869.6,901652458.82
2022-01-10 00:00:00,41869.6,42251.07,39667.6,41832.59,2140270933.32
2022-01-11 00:00:00,41832.59,43122.32,41279.45,42743.03,1545270650.68
2022-01-12 00:00:00,42743.03,44293.83,42471.08,43919.67,1384575768.8
2022-01-13 00:00:00,43919.67,44442.67,42334.75,42575.61,1263083590.1
2022-01-14 00:00:00,42575.61,43467.05,41785.44,43089.83,1165100829.55
2022-01-15 00:00:00,43089.83,43811.94,42589.82,43088.74,607715303.39
2022-01-16 00:00:00,43088.74,43484.21,42617.07,43100.36,543620929.25
2022-01-17 00:00:00,43100.36,43198.05,41571.67,42224.38,861459661.83
2022-01-18 00:00:00,42224.38,42682.77,41301.01,42372.75,1099916846.37
2022-01-19 00:00:00,42372.75,42575.28,41144.83,41674.8,1359832054.32
2022-01-20 00:00:00,41674.8,43513.14,40564.32,40697.03,1482814889.83
2022-01-21 00:00:00,40697.03,41116.66,35494.42,36469.3,3610621840.61
2022-01-22 00:00:00,36469.3,36811.86,34130.35,35075.92,2419705021.17
2022-01-23 00:00:00,35075.92,36539.19,34648.38,36288.15,1405386710.59
2022-01-24 00:00:00,36288.15,37469.19,32990.72,36702.79,3289034581.3
2022-01-25 00:00:00,36702.79,37555.35,35732.05,36975.99,1632275610.85
2022-01-26 00:00:00,36975.99,38930.36,36275.92,36829.37,2163384356.61
2022-01-27 00:00:00,36829.37,37242.79,35543.94,37189.85,1671118834.49
2022-01-28 00:00:00,37189.85,38021.06,36176.78,37744.7,1439590445.61
2022-01-29 00:00:00,37744.7,38728.29,37343.45,38184.86,913551592.58
2022-01-30 00:00:00,38184.86,38364.51,37377.53,37908.44,658154943.17
2022-01-31 00:00:00,37908.44,38769.81,36660.7,38494.66,1310842543.43
2022-02-01 00:00:00,38494.66,39281.06,38033.98,38721.49,1255765239.87
